apt_name,avg_price,count,avg_area,region_code,region_name
BRUNNEN청담,520000.0,1,202.79,11680,서울강남구
LG선릉에클라트(B),34225.0,4,36.35,11680,서울강남구
SK허브프리모,105000.0,1,67.57,11680,서울강남구
e-편한세상,246555.55555555556,9,65.24635555555557,11680,서울강남구
가람,279250.0,4,77.6075,11680,서울강남구
강남 더샵 포레스트,338600.0,5,137.8552,11680,서울강남구
강남데시앙파크,167580.0,5,96.854,11680,서울강남구
강남데시앙포레,226500.0,2,72.41499999999999,11680,서울강남구
강남브리즈힐(토지임대부아파트),131166.66666666666,3,77.82000000000001,11680,서울강남구
강남센트럴아이파크,299708.3333333333,12,66.66041666666666,11680,서울강남구
강남엘에이치1단지,182875.0,4,69.84,11680,서울강남구
강남자곡 힐스테이트,140480.0,5,60.04,11680,서울강남구
강남자곡아이파크,188000.0,1,59.96,11680,서울강남구
강남한신휴플러스6단지,166333.33333333334,3,84.83,11680,서울강남구
강남한양수자인(4단지),216125.0,4,93.44749999999999,11680,서울강남구
개나리래미안,356250.0,2,144.765,11680,서울강남구
개나리푸르지오,355500.0,5,111.72644,11680,서울강남구
개포더샵트리에,276400.0,5,107.20342000000001,11680,서울강남구
개포래미안포레스트,302537.037037037,27,75.63925925925926,11680,서울강남구
개포우성2,525000.0,5,131.89000000000001,11680,서울강남구
개포우성3차,295000.0,1,104.43,11680,서울강남구
개포자이,320000.0,1,153.8,11680,서울강남구
개포자이르네,144000.0,1,50.8665,11680,서울강남구
개포자이프레지던스,372966.6666666667,30,86.57653333333334,11680,서울강남구
개포주공5단지,211000.0,1,53.98,11680,서울강남구
개포주공6단지,320000.0,1,60.13,11680,서울강남구
개포주공7단지,279386.6666666667,3,58.32666666666666,11680,서울강남구
개포한신,290000.0,1,82.3,11680,서울강남구
거평빌라트,170000.0,1,210.15,11680,서울강남구
거평프리젠,40700.0,2,34.625,11680,서울강남구
경남,210000.0,1,59.76,11680,서울강남구
경남2차,497000.0,1,182.2,11680,서울강남구
경남아너스빌,173000.0,3,83.46300000000001,11680,서울강남구
그랜빌캐슬,208500.0,2,113.49499999999999,11680,서울강남구
금호어울림,242333.33333333334,3,103.62666666666667,11680,서울강남구
까치마을,158065.0,20,38.763,11680,서울강남구
네오블로썸,150000.0,1,101.16,11680,서울강남구
노블카운티,119900.0,1,81.85,11680,서울강남구
논현동월드메르디앙,197000.0,1,115.937,11680,서울강남구
논현동한화꿈에그린,128000.0,2,67.671,11680,서울강남구
논현아이파크,118000.0,1,47.46,11680,서울강남구
논현파라곤,176000.0,2,101.12,11680,서울강남구
대림아크로빌,330250.0,2,151.5045,11680,서울강남구
대림역삼,230000.0,1,84.96,11680,서울강남구
대명벨리온,16000.0,1,17.684,11680,서울강남구
대명비발디,114500.0,1,83.72,11680,서울강남구
대우디오빌,48312.5,8,40.52125,11680,서울강남구
대우디오빌플러스,40000.0,1,43.99,11680,서울강남구
대우로얄카운티2,473000.0,1,241.24,11680,서울강남구
대우아이빌멤버스(891-26),25000.0,1,35.796,11680,서울강남구
대우아이빌명문가(891-23),26000.0,1,33.06,11680,서울강남구
대우유로카운티,302500.0,2,139.34,11680,서울강남구
대치더클래스,221500.0,2,84.17,11680,서울강남구
대치르엘,325250.0,4,76.8799,11680,서울강남구
대치삼성,252000.0,1,59.88,11680,서울강남구
대치아이파크,410666.6666666667,3,119.83999999999999,11680,서울강남구
대치푸르지오써밋,305000.0,3,76.6432,11680,서울강남구
대치하나빌,245000.0,1,197.14,11680,서울강남구
대치현대,246500.0,6,59.82,11680,서울강남구
도곡1차아이파크,251000.0,1,134.789,11680,서울강남구
도곡렉슬,378962.962962963,27,101.60462962962964,11680,서울강남구
도곡스타클래스,179000.0,3,111.83666666666666,11680,서울강남구
도곡쌍용예가,278500.0,2,157.525,11680,서울강남구
도곡우성아파트,260000.0,2,84.83,11680,서울강남구
도곡지웰카운티101동,235000.0,1,107.11,11680,서울강남구
동부센트레빌,546666.6666666666,3,137.8,11680,서울강남구
동양파라곤,770000.0,1,224.3836,11680,서울강남구
동현아파트1~6,255000.0,2,84.92,11680,서울강남구
두산위브1단지,212000.0,1,84.993,11680,서울강남구
두산위브2단지,242000.0,1,106.829,11680,서울강남구
디에이치아너힐즈,305000.0,3,72.7051,11680,서울강남구
디에이치자이개포,389000.0,3,91.10000000000001,11680,서울강남구
래미안 개포 루체하임,302000.0,3,86.21999999999998,11680,서울강남구
래미안강남힐즈,236928.57142857142,7,101.94428571428571,11680,서울강남구
래미안그레이튼,278333.3333333333,3,63.64000000000001,11680,서울강남구
래미안그레이튼(진달래2차),333250.0,4,111.495,11680,서울강남구
래미안대치팰리스,481541.6666666667,12,98.7925,11680,서울강남구
래미안대치하이스턴,340000.0,1,110.39,11680,서울강남구
래미안라클래시,378000.0,2,71.95,11680,서울강남구
래미안블레스티지,339950.0,18,91.54994444444444,11680,서울강남구
래미안삼성1차(105-0),460000.0,1,181.51,11680,서울강남구
래미안삼성2차,310000.0,1,101.38,11680,서울강남구
래미안펜타빌,367500.0,1,138.16,11680,서울강남구
래미안포레,215000.0,1,84.99,11680,서울강남구
럭키(963),272928.5714285714,7,101.82000000000001,11680,서울강남구
로데오현대,152333.33333333334,3,67.03333333333333,11680,서울강남구
로얄빌리지,102000.0,1,103.49,11680,서울강남구
롯데캐슬,325000.0,1,135.73,11680,서울강남구
롯데캐슬노블,262500.0,3,176.03,11680,서울강남구
롯데캐슬리베,360000.0,1,121.0894,11680,서울강남구
롯데캐슬프레미어,348400.0,5,103.035,11680,서울강남구
마일스디오빌,36733.333333333336,3,36.29,11680,서울강남구
마크힐스이스트윙,840000.0,1,192.86,11680,서울강남구
매봉삼성,200000.0,1,59.82,11680,서울강남구
명인갤러리,112000.0,1,84.78,11680,서울강남구
목화,290000.0,1,133.97,11680,서울강남구
미성1차,473000.0,1,105.65,11680,서울강남구
미성2차,467500.0,2,96.515,11680,서울강남구
미켈란147,160000.0,1,84.77,11680,서울강남구
브라운스톤역삼,110000.0,1,59.96,11680,서울강남구
삼부아그레빌,190000.0,1,84.611,11680,서울강남구
삼성,240625.0,8,78.2475,11680,서울강남구
삼성동대성유니드,168000.0,1,83.93,11680,서울강남구
삼성동롯데아파트,256666.66666666666,3,70.19,11680,서울강남구
삼성동롯데캐슬킹덤,278000.0,1,131.65,11680,서울강남구
삼성동센트럴아이파크,347500.0,4,72.465,11680,서울강남구
삼성동중앙하이츠빌리지,329000.0,3,99.27666666666666,11680,서울강남구
삼성동한솔아파트,201750.0,4,58.57,11680,서울강남구
삼성동힐스테이트 1단지,263615.3846153846,13,63.92392307692308,11680,서울강남구
삼성래미안,327500.0,2,103.85,11680,서울강남구
삼성리치빌1,168000.0,1,84.98,11680,서울강남구
삼성빌라트,128850.0,2,115.88,11680,서울강남구
삼성청담공원아파트,234750.0,4,78.00999999999999,11680,서울강남구
삼익,234375.0,4,78.0275,11680,서울강남구
삼익대청아파트,197800.0,12,48.73666666666667,11680,서울강남구
삼환(101동),217500.0,2,84.93,11680,서울강남구
상지리츠빌,292000.0,1,161.07,11680,서울강남구
새롬(1164-14),82000.0,1,57.93,11680,서울강남구
샘터마을,308000.0,4,126.1185,11680,서울강남구
서광아파트,242375.0,4,72.30000000000001,11680,서울강남구
선경1차(1동-7동),544000.0,3,154.84,11680,서울강남구
선경2차(8동-12동),490000.0,2,127.75,11680,서울강남구
선경3차,207500.0,2,76.6,11680,서울강남구
성원대치2단지아파트,173552.63157894736,19,39.699473684210524,11680,서울강남구
세곡푸르지오,183166.66666666666,3,73.15666666666667,11680,서울강남구
세방하이빌1,134000.0,1,59.77,11680,서울강남구
수서,168375.0,4,49.959999999999994,11680,서울강남구
수서한아름,235500.0,2,113.53999999999999,11680,서울강남구
시티프라디움더강남101동,163000.0,1,59.99,11680,서울강남구
시티프라디움더강남201동,167500.0,1,70.54,11680,서울강남구
신동아,173450.0,10,39.072,11680,서울강남구
신동아(22),144000.0,7,42.699999999999996,11680,서울강남구
신현대11차,892000.0,5,169.774,11680,서울강남구
신현대12차,806555.5555555555,9,144.63888888888889,11680,서울강남구
신현대9차,662300.0,5,118.154,11680,서울강남구
"쌍용대치아파트1동,2동,3동,5동,6동",470000.0,1,148.8,11680,서울강남구
쌍용플래티넘,240000.0,1,152.25,11680,서울강남구
쌍용플레티넘밸류,144666.66666666666,3,84.92,11680,서울강남구
아름빌(889-74),24000.0,1,30.46,11680,서울강남구
아이파크,733000.0,4,157.6315,11680,서울강남구
아카데미스위트1,257750.0,2,102.63,11680,서울강남구
아크로삼성,590000.0,1,104.94,11680,서울강남구
아크로힐스논현,308500.0,2,98.6525,11680,서울강남구
압구정대원칸타빌아파트,165500.0,2,59.73,11680,서울강남구
에벤에셀빌라트,90000.0,1,92.11,11680,서울강남구
에비뉴나인티,103000.0,1,49.87,11680,서울강남구
에테르노청담,2180000.0,1,231.2798,11680,서울강남구
역삼2차아이파크,255100.0,1,84.891,11680,서울강남구
역삼동우정에쉐르1,95500.0,1,71.78,11680,서울강남구
역삼동하나빌,59333.333333333336,3,44.77333333333333,11680,서울강남구
역삼래미안,276083.3333333333,6,66.57833333333333,11680,서울강남구
역삼센트럴아파트,69400.0,2,48.269999999999996,11680,서울강남구
역삼자이,327000.0,1,84.993,11680,서울강남구
역삼푸르지오,277000.0,4,66.141025,11680,서울강남구
연세리버테라스,630000.0,1,243.49,11680,서울강남구
영무예다음,180000.0,1,115.88,11680,서울강남구
우림루미아트2,19400.0,1,23.66,11680,서울강남구
우민,126000.0,2,74.758,11680,서울강남구
우성7,291500.0,2,76.225,11680,서울강남구
우찬,48000.0,1,37.18,11680,서울강남구
우찬현대(1260-2),128500.0,1,103.94,11680,서울강남구
은마,365111.1111111111,9,81.03444444444445,11680,서울강남구
은탑리더스카운티,125000.0,1,69.18,11680,서울강남구
이니그마빌2,550000.0,1,230.69,11680,서울강남구
이산,62500.0,2,60.705,11680,서울강남구
이지마루역삼,37750.0,2,26.5,11680,서울강남구
중명하니빌,30000.0,1,28.58,11680,서울강남구
지고하임(102동),127000.0,1,73.17,11680,서울강남구
진흥아파트,403666.6666666667,3,195.21666666666667,11680,서울강남구
청구아파트,268500.0,2,84.99,11680,서울강남구
청담2차이-편한세상(204동),222875.0,2,102.88,11680,서울강남구
청담건영,340000.0,2,84.595,11680,서울강남구
청담대림이-편한세상,280000.0,2,108.04,11680,서울강남구
청담대우멤버스카운티12차,270000.0,1,141.88,11680,서울강남구
청담대우멤버스카운티9차,250000.0,1,123.8,11680,서울강남구
청담매스터빌,420000.0,2,198.76999999999998,11680,서울강남구
청담신원아침도시마인,33000.0,1,27.0875,11680,서울강남구
청담아이파크,350000.0,1,110.13,11680,서울강남구
청담자이,322700.0,8,59.529875000000004,11680,서울강남구
청담현대3차아파트,224166.66666666666,3,68.3,11680,서울강남구
청원,150000.0,1,84.9,11680,서울강남구
타워팰리스1,557166.6666666666,6,169.60166666666666,11680,서울강남구
타워팰리스2,327500.0,3,117.04333333333334,11680,서울강남구
타워팰리스3,466600.0,5,150.1954,11680,서울강남구
테헤란로대우아이빌(891-6),90500.0,1,59.83,11680,서울강남구
테헤란아이파크,278000.0,2,81.72825,11680,서울강남구
트레벨,53366.666666666664,3,33.48,11680,서울강남구
파크힐,72500.0,2,52.825,11680,서울강남구
펜트힐루논현,100000.0,1,43.392,11680,서울강남구
포스코트,400000.0,1,209.03,11680,서울강남구
푸른마을아파트101동~111동,217844.44444444444,9,68.15,11680,서울강남구
풍림(1차),268333.3333333333,3,76.42,11680,서울강남구
풍림아이원2차202동,255000.0,1,156.21,11680,서울강남구
프리마빌,105000.0,1,92.35,11680,서울강남구
프리빌리지,63000.0,1,49.98,11680,서울강남구
하이페리온,315000.0,1,182.6,11680,서울강남구
한보미도맨션1,390666.6666666667,3,98.99000000000001,11680,서울강남구
한보미도맨션2,490000.0,2,137.1,11680,서울강남구
한솔마을,259157.14285714287,7,72.74714285714286,11680,서울강남구
한스빌(836),44000.0,3,39.89,11680,서울강남구
한신(개포),311285.71428571426,7,64.51714285714286,11680,서울강남구
한신엠비씨,254000.0,1,84.74,11680,서울강남구
한신오페라하우스,235000.0,1,100.84,11680,서울강남구
한양1차(영동한양),486000.0,7,75.66999999999999,11680,서울강남구
한양2,750000.0,1,175.92,11680,서울강남구
한양3,591333.3333333334,3,116.94,11680,서울강남구
한양4,870000.0,1,208.65,11680,서울강남구
한양6,520000.0,1,110.74,11680,서울강남구
한양7,490000.0,1,106.22,11680,서울강남구
한양수자인어반게이트,18000.0,1,16.2,11680,서울강남구
한양팰리스,165000.0,1,99.19,11680,서울강남구
한일,217000.0,2,67.815,11680,서울강남구
한진로즈힐,183000.0,1,71.54,11680,서울강남구
한화진넥스빌,38550.0,4,40.295,11680,서울강남구
현대1,250400.0,2,84.27,11680,서울강남구
현대13차(208~211동),617500.0,4,107.715,11680,서울강남구
"현대14차(203,204,205,206동)",581250.0,4,84.97,11680,서울강남구
"현대1차(12,13,21,22,31,32,33동)",630000.0,2,131.485,11680,서울강남구
현대1차101동~106동,342000.0,4,124.1525,11680,서울강남구
현대2,325000.0,1,84.81,11680,서울강남구
"현대2차(10,11,20,23,24,25동)",970000.0,2,197.625,11680,서울강남구
현대3차(61~64동),475000.0,2,82.5,11680,서울강남구
현대4,248000.0,2,78.99000000000001,11680,서울강남구
현대4차저층(51~56동),680000.0,2,117.905,11680,서울강남구
"현대5차(71,72동)",546666.6666666666,3,82.23,11680,서울강남구
"현대6차(78~81,83,84,86,87동)",768500.0,2,151.03,11680,서울강남구
현대8차(성수현대:91~95동),561500.0,6,118.265,11680,서울강남구
현대비젼21,39700.0,1,33.1,11680,서울강남구
현대썬앤빌테헤란,63100.0,2,42.68,11680,서울강남구
현대아파트,248000.0,1,84.76,11680,서울강남구
현대아파트1동~3동,235000.0,2,84.96,11680,서울강남구
현대아파트3,401000.0,1,163.85,11680,서울강남구
현대힐스테이트2단지,342833.3333333333,6,84.34750000000001,11680,서울강남구
힐타워,129000.0,1,110.47,11680,서울강남구
(1617-21),127000.0,1,111.16,11650,서울서초구
APELBAUM,248000.0,1,180.93,11650,서울서초구
N-Suite(1513-2),130000.0,1,112.35,11650,서울서초구
SK리더스뷰(파스텔시티),173500.0,1,84.97,11650,서울서초구
TheHerren,118000.0,1,61.41,11650,서울서초구
urbanplace,24500.0,1,23.456,11650,서울서초구
강남월드메르디앙프레스티지,74500.0,2,40.352000000000004,11650,서울서초구
강변,291625.0,4,79.97,11650,서울서초구
경남아너스빌201동,210666.66666666666,3,84.95,11650,서울서초구
골드넷멤버스빌리지,152500.0,2,113.445,11650,서울서초구
공작빌라트,180000.0,1,144.34,11650,서울서초구
그랜드빌(100-8),210000.0,1,236.69,11650,서울서초구
노블씨티,187000.0,1,114.16,11650,서울서초구
노블하임,300000.0,1,242.77,11650,서울서초구
뉴캐슬,85000.0,1,84.97,11650,서울서초구
다원아파트,70400.0,1,47.52,11650,서울서초구
다이너스티힐,330000.0,1,256.0,11650,서울서초구
대림,205750.0,4,130.89,11650,서울서초구
대림e-편한세상1,294333.3333333333,3,180.22333333333336,11650,서울서초구
대림서초리시온,57037.5,8,48.50625,11650,서울서초구
대성유니드,198000.0,1,122.111,11650,서울서초구
대우아이빌,59700.0,4,32.9725,11650,서울서초구
더미켈란,420000.0,1,244.58,11650,서울서초구
더샵서초,134000.0,2,65.295,11650,서울서초구
더샾오데움(103동),280000.0,1,171.036,11650,서울서초구
동고,161833.33333333334,3,82.35333333333334,11650,서울서초구
동아,337500.0,3,76.58,11650,서울서초구
두산위브(1362),111000.0,2,75.85499999999999,11650,서울서초구
디에이치반포라클라스,377750.0,8,71.113675,11650,서울서초구
래미안 리더스원,312200.0,10,63.961,11650,서울서초구
래미안방배아트힐(1008-2),262750.0,4,139.2575,11650,서울서초구
래미안방배에버뉴,296000.0,1,181.481,11650,서울서초구
래미안서초스위트,288600.0,5,84.26772,11650,서울서초구
래미안서초에스티지,328333.3333333333,3,89.71333333333332,11650,서울서초구
래미안서초에스티지S,335000.0,2,84.485,11650,서울서초구
래미안서초유니빌,47183.333333333336,6,42.269,11650,서울서초구
래미안신반포팰리스,467400.0,5,105.93199999999999,11650,서울서초구
래미안원베일리,686391.304347826,23,96.34521739130435,11650,서울서초구
래미안원펜타스,931666.6666666666,3,179.86446666666666,11650,서울서초구
래미안퍼스티지,655700.0,10,146.952,11650,서울서초구
롯데캐슬갤럭시(50-1),350000.0,1,109.56,11650,서울서초구
롯데캐슬아르떼,369000.0,3,153.19726666666668,11650,서울서초구
롯데캐슬클래식,317950.0,10,97.183,11650,서울서초구
롯데캐슬파크(38),305000.0,1,244.91,11650,서울서초구
롯데캐슬헤론,263000.0,1,168.81,11650,서울서초구
루이스캐슬,150000.0,1,114.46,11650,서울서초구
리치팰리스,150000.0,1,110.27,11650,서울서초구
"마제스타시티(힐스테이트서리풀101,102동)",201000.0,3,59.96333333333333,11650,서울서초구
메이플자이,464517.2413793103,29,78.52945862068965,11650,서울서초구
멤버스카운티601,189000.0,1,107.62,11650,서울서초구
멤피스빌,240000.0,1,244.47,11650,서울서초구
명지해드는터,60000.0,1,86.39,11650,서울서초구
미영(101),79000.0,1,83.19,11650,서울서초구
미주파스텔,210500.0,2,59.57,11650,서울서초구
밀라텔쉐르빌,62666.666666666664,3,49.419999999999995,11650,서울서초구
반포2차ApelBaum,446000.0,1,243.3,11650,서울서초구
반포두산힐스빌,123333.33333333333,3,47.70000000000001,11650,서울서초구
반포래미안아이파크,452200.0,5,104.328,11650,서울서초구
반포르엘,579000.0,2,102.8612,11650,서울서초구
반포르엘2차,452000.0,1,84.1269,11650,서울서초구
반포리체,334166.6666666667,6,59.99333333333334,11650,서울서초구
반포미도,404000.0,1,84.96,11650,서울서초구
반포미도2차아파트,281800.0,5,66.522,11650,서울서초구
반포샤인힐4차,187000.0,1,184.33,11650,서울서초구
반포서래빌,125000.0,1,154.68,11650,서울서초구
반포센트럴자이,468000.0,1,84.98,11650,서울서초구
반포써밋,334000.0,3,68.271,11650,서울서초구
반포쎄레노아파트,93000.0,1,80.04,11650,서울서초구
반포자이,558833.3333333334,12,133.58308333333332,11650,서울서초구
반포힐스테이트,401666.6666666667,3,76.41333333333334,11650,서울서초구
방배1차현대홈타운,236666.66666666666,6,76.58,11650,서울서초구
방배2차e-편한세상,255000.0,1,164.53,11650,서울서초구
방배2차현대홈타운,256750.0,2,87.3,11650,서울서초구
방배3차e-편한세상,370000.0,1,198.5315,11650,서울서초구
방배3차현대홈타운,242166.66666666666,3,121.55166666666668,11650,서울서초구
방배5차상지리츠빌,230000.0,1,138.19,11650,서울서초구
방배그랑자이,243000.0,1,54.9954,11650,서울서초구
방배대성유니드아파트,184000.0,1,84.93,11650,서울서초구
방배대우디오빌,28640.0,5,29.6,11650,서울서초구
방배디오슈페리움Ⅰ,248000.0,1,130.24,11650,서울서초구
방배래미안타워,230000.0,1,103.34,11650,서울서초구
방배마에스트로,60000.0,1,35.37,11650,서울서초구
방배블레스밸리,199000.0,1,128.4,11650,서울서초구
방배비젼21빌라트,199500.0,2,185.59,11650,서울서초구
방배신동아럭스빌,200000.0,1,164.79,11650,서울서초구
방배신삼호,368333.3333333333,3,158.65333333333334,11650,서울서초구
방배씨티(보성),153500.0,1,74.16,11650,서울서초구
방배아크로리버,262000.0,1,124.569,11650,서울서초구
방배아크로타워,84375.0,4,60.735,11650,서울서초구
방배아트e-편한세상103,160000.0,1,74.87,11650,서울서초구
방배아트e-편한세상106,215000.0,1,117.26,11650,서울서초구
방배아트자이,259333.33333333334,6,68.3032,11650,서울서초구
방배우성,248750.0,4,109.14,11650,서울서초구
방배임광3차,120000.0,2,48.225,11650,서울서초구
방배트리플,140500.0,2,82.05,11650,서울서초구
방배현대멤피스2,250000.0,1,162.8,11650,서울서초구
베로니스2차,250000.0,1,191.62,11650,서울서초구
보아스힐(701-4),106000.0,1,63.07,11650,서울서초구
브라운스톤잠원,295000.0,1,84.94,11650,서울서초구
비젼(103),117000.0,1,84.7,11650,서울서초구
삼성래미안1,209333.33333333334,3,86.58333333333333,11650,서울서초구
삼성서초가든스위트,393000.0,2,178.87,11650,서울서초구
삼익양재빌라,150000.0,1,163.61,11650,서울서초구
삼풍아파트,376071.4285714286,7,108.68999999999998,11650,서울서초구
삼호1동~3동,242900.0,5,95.074,11650,서울서초구
삼호2,275500.0,3,130.25333333333333,11650,서울서초구
삼호가든맨션(5차),432000.0,2,147.825,11650,서울서초구
삼호한숲,186500.0,1,84.87,11650,서울서초구
상지리츠빌(1617-13),235000.0,1,170.8,11650,서울서초구
상지리츠빌(7),225000.0,1,223.25,11650,서울서초구
서리풀e편한세상,263550.0,2,84.97,11650,서울서초구
서리풀프라젠아파트,164500.0,1,78.19,11650,서울서초구
서초2차e-편한세상,246000.0,1,84.67,11650,서울서초구
서초4현대,159000.0,1,52.36,11650,서울서초구
서초5차e편한세상,257500.0,1,158.24,11650,서울서초구
서초교대e편한세상,326666.6666666667,3,93.77,11650,서울서초구
서초그랑자이,370958.3333333333,12,79.79166666666667,11650,서울서초구
서초네이처힐2단지,130000.0,1,84.73,11650,서울서초구
서초네이처힐3단지,203000.0,5,90.77000000000001,11650,서울서초구
서초네이처힐6단지,190000.0,1,84.77,11650,서울서초구
서초녹원,170000.0,1,84.99,11650,서울서초구
서초대우,157200.0,1,185.09,11650,서울서초구
서초더샵포레,189833.33333333334,9,102.33555555555556,11650,서울서초구
서초동롯데캐슬리버티,214500.0,2,125.79,11650,서울서초구
서초동삼성쉐르빌2,54375.0,4,48.44,11650,서울서초구
서초동아,136000.0,1,131.39,11650,서울서초구
서초동아이파크,250000.0,1,164.83,11650,서울서초구
서초동프레스티지아파트,103000.0,2,69.175,11650,서울서초구
서초동현대리츠빌,245000.0,1,163.51,11650,서울서초구
서초래미안,308750.0,4,105.63,11650,서울서초구
서초로즈힐,147000.0,1,116.21,11650,서울서초구
서초롯데캐슬프레지던트,335000.0,1,149.45,11650,서울서초구
서초벽산블루밍,200000.0,1,84.39,11650,서울서초구
서초블랑빌,93000.0,1,104.72,11650,서울서초구
서초삼성래미안,220000.0,2,103.315,11650,서울서초구
서초센트럴IPARK,219300.0,5,80.5214,11650,서울서초구
서초쌍용플래티넘,95000.0,1,68.21,11650,서울서초구
서초아트래디앙,147500.0,1,56.92,11650,서울서초구
서초아트자이,270000.0,1,144.3141,11650,서울서초구
서초예성그린캐슬,125000.0,1,105.49,11650,서울서초구
서초이에스에이3차,145000.0,1,59.4,11650,서울서초구
서초이오빌,35887.5,4,40.62,11650,서울서초구
서초자연인아파트(102동),40000.0,1,38.31,11650,서울서초구
서초자이,213250.0,2,116.85,11650,서울서초구
서초자이르네,201000.0,1,84.97,11650,서울서초구
서초중흥S-클래스(도시형생활주택),19000.0,1,20.68,11650,서울서초구
서초코아,117700.0,1,96.48,11650,서울서초구
서초파라곤,120000.0,1,89.01,11650,서울서초구
서초포레스타3단지,196000.0,3,96.38666666666667,11650,서울서초구
서초포레스타5단지,200000.0,2,80.64,11650,서울서초구
서초포레스타6단지,170000.0,1,59.93,11650,서울서초구
서초푸르지오써밋,354800.0,5,89.84200000000001,11650,서울서초구
서초한빛삼성,193950.0,2,79.305,11650,서울서초구
서초한신,210000.0,1,84.99,11650,서울서초구
서초한신리빙타워,80000.0,1,47.87,11650,서울서초구
서초한일,180000.0,1,84.98,11650,서울서초구
서초현대,166250.0,4,53.37,11650,서울서초구
서초현대타워아파트,190000.0,1,178.21,11650,서울서초구
서초호반써밋,231000.0,2,109.59015,11650,서울서초구
서초힐스,187900.0,5,72.92999999999999,11650,서울서초구
수광빌라트,155000.0,1,153.36,11650,서울서초구
신반포16,260000.0,1,52.32,11650,서울서초구
신반포19,361666.6666666667,3,98.64666666666666,11650,서울서초구
신반포2,525400.0,5,92.924,11650,서울서초구
신반포25,387000.0,1,84.49,11650,서울서초구
신반포4,455000.0,4,102.775,11650,서울서초구
신반포7,358500.0,2,107.42,11650,서울서초구
신반포자이,363000.0,3,59.906666666666666,11650,서울서초구
신반포청구,271000.0,1,59.91,11650,서울서초구
신영체르니,54666.666666666664,3,36.76,11650,서울서초구
신원아침도시(1420),183000.0,1,84.34,11650,서울서초구
신화,210333.33333333334,3,57.330000000000005,11650,서울서초구
쌍용예가클래식,245000.0,2,89.844,11650,서울서초구
아이리스,75750.0,2,56.3,11650,서울서초구
아크로리버뷰신반포,455333.3333333333,6,81.65666666666667,11650,서울서초구
아크로리버파크,584500.0,10,91.359,11650,서울서초구
아크로비스타,350000.0,5,184.818,11650,서울서초구
엘루크방배서리풀,121000.0,1,48.16,11650,서울서초구
엘리제빌,291000.0,1,201.81,11650,서울서초구
엠브이아파트,195666.66666666666,3,59.82,11650,서울서초구
우성,204666.66666666666,3,76.96,11650,서울서초구
우성KBS(113동),208000.0,3,84.69,11650,서울서초구
우성아파트,221166.66666666666,3,59.04,11650,서울서초구
우솔마을서초리슈빌S아파트,47000.0,2,37.68915,11650,서울서초구
월드메르디앙(오페라),215000.0,2,189.49599999999998,11650,서울서초구
유원서초,261000.0,4,84.8325,11650,서울서초구
인랜드,109000.0,1,73.28,11650,서울서초구
임광,261400.0,5,115.74000000000001,11650,서울서초구
잠원현대훼밀리,247500.0,1,59.56,11650,서울서초구
정광아파트,128500.0,2,89.80000000000001,11650,서울서초구
중앙하이츠,264833.3333333333,3,70.27,11650,서울서초구
지에스타워,42600.0,2,26.05,11650,서울서초구
진흥아파트,388215.0,4,153.1125,11650,서울서초구
청광아트빌(14차),240000.0,1,244.84,11650,서울서초구
코오롱,161000.0,2,52.47,11650,서울서초구
킴스빌리지,155000.0,1,30.18,11650,서울서초구
파라다이스(477-7),141500.0,2,84.77000000000001,11650,서울서초구
파세지아타,230000.0,1,118.695,11650,서울서초구
폴라씨엘로,210000.0,1,124.61,11650,서울서초구
프리우스,141500.0,1,75.32,11650,서울서초구
하늘바람,339000.0,1,243.93,11650,서울서초구
한강,308000.0,3,84.53,11650,서울서초구
한라,151750.0,2,59.98,11650,서울서초구
한신,327125.0,8,84.52,11650,서울서초구
한신로얄,275000.0,1,81.23,11650,서울서초구
한신서래,294500.0,2,64.53,11650,서울서초구
한신타워,329000.0,1,84.93,11650,서울서초구
한신트리플,41100.0,2,39.31,11650,서울서초구
한신휴플러스,160000.0,1,84.93,11650,서울서초구
현대,300000.0,1,84.87,11650,서울서초구
현대멤피스,275000.0,1,159.47,11650,서울서초구
현대성우주상복합아파트,183900.0,5,157.56799999999998,11650,서울서초구
현대슈퍼빌,284500.0,4,166.45250000000001,11650,서울서초구
현대아파트,214833.33333333334,3,84.48666666666666,11650,서울서초구
현대테라하임102동,185000.0,1,168.15,11650,서울서초구
호반써밋서초파크,159250.0,2,55.91,11650,서울서초구
호반써밋서초파크뷰(토지임대부아파트),152666.66666666666,3,84.96333333333332,11650,서울서초구
호반써밋양재,45000.0,12,23.570000000000004,11650,서울서초구
황실자이,327500.0,2,177.4425,11650,서울서초구
힐스테이트서초젠트리스,240000.0,1,114.9,11650,서울서초구
(185-5),157500.0,2,133.78,11710,서울송파구
2차한양아파트,232712.5,8,87.89750000000001,11710,서울송파구
SK,157000.0,1,83.8,11710,서울송파구
e지브로,102000.0,1,84.78,11710,서울송파구
e편한세상송파파크센트럴,190106.25,8,93.18625,11710,서울송파구
sk파크타워,90000.0,1,84.35,11710,서울송파구
가락(1차)쌍용아파트,194474.1935483871,31,71.10645161290323,11710,서울송파구
가락금호아파트,179833.33333333334,6,68.24833333333333,11710,서울송파구
가락미륭아파트,177954.54545454544,11,66.10909090909091,11710,서울송파구
가락삼익맨숀,273000.0,1,108.338,11710,서울송파구
가락쌍용(2차),196850.0,2,84.42,11710,서울송파구
갑을,88100.0,2,59.565,11710,서울송파구
갤러리아팰리스,325000.0,6,152.73783333333333,11710,서울송파구
거여1단지,107660.43478260869,23,46.22869565217391,11710,서울송파구
거여4단지,112142.85714285714,7,46.847142857142856,11710,서울송파구
거여5단지,131500.0,13,63.472307692307695,11710,서울송파구
건영1,156333.33333333334,3,84.39,11710,서울송파구
극동,176600.0,5,71.842,11710,서울송파구
금호어울림,112000.0,2,84.96,11710,서울송파구
노블레스카운티,138000.0,1,135.0,11710,서울송파구
다성파크뷰,85000.0,1,67.55,11710,서울송파구
대림,226927.27272727274,11,101.79,11710,서울송파구
대아(제101상가동),85300.0,1,60.0,11710,서울송파구
더뷰21,89000.0,1,54.943,11710,서울송파구
동궁리치웰(101동),137500.0,2,136.16,11710,서울송파구
동궁리치웰문정(101),95500.0,1,80.13,11710,서울송파구
동부센트레빌,211000.0,5,132.18400000000003,11710,서울송파구
동아한가람1,154500.0,4,84.38,11710,서울송파구
동일씨티빌,84500.0,2,84.9,11710,서울송파구
두산위브,14500.0,2,26.450000000000003,11710,서울송파구
래미안송파파인탑,225800.0,5,68.292,11710,서울송파구
래미안파크팰리스,223083.33333333334,12,88.21591666666667,11710,서울송파구
레이크팰리스,306050.0,20,85.974,11710,서울송파구
레이크해모로,125666.66666666667,3,73.92999999999999,11710,서울송파구
롯데캐슬골드,333800.0,5,174.89000000000001,11710,서울송파구
르네상스빌,177000.0,1,179.66,11710,서울송파구
리센츠,287010.0,50,68.69319999999999,11710,서울송파구
마천금호어울림1차아파트,115125.0,4,87.255,11710,서울송파구
문정가락현대1차,213250.0,2,104.295,11710,서울송파구
문정대우푸르지오1차,146666.66666666666,3,68.18,11710,서울송파구
문정대우푸르지오2차,141750.0,2,59.57,11710,서울송파구
문정동아,88642.85714285714,7,72.28571428571429,11710,서울송파구
문정래미안,214545.45454545456,11,132.40545454545455,11710,서울송파구
문정시영,96913.33333333333,30,36.768,11710,서울송파구
미성,144666.66666666666,3,99.10666666666667,11710,서울송파구
미성맨션,206100.0,3,97.62,11710,서울송파구
미켈란호수가,199000.0,2,133.125,11710,서울송파구
반석블레스빌,115000.0,2,84.15,11710,서울송파구
방이금호어울림,136250.0,4,78.1425,11710,서울송파구
보화2차,106750.0,2,40.575,11710,서울송파구
부광,69000.0,1,76.88,11710,서울송파구
삼성,132333.33333333334,3,81.11,11710,서울송파구
삼성프라자,105000.0,1,131.29,11710,서울송파구
삼호아파트,109500.0,1,84.96,11710,서울송파구
삼환,222125.0,4,99.916,11710,서울송파구
상아2차아파트,155166.66666666666,6,54.78,11710,서울송파구
서림올림피아드,73500.0,1,70.57,11710,서울송파구
석촌호수효성해링턴타워,23550.0,2,15.8307,11710,서울송파구
성동레인보우,71333.33333333333,3,79.89,11710,서울송파구
성영,80000.0,1,80.13,11710,서울송파구
성원상떼빌,148333.33333333334,3,127.82666666666667,11710,서울송파구
송파Nsuite,105000.0,1,128.05,11710,서울송파구
송파건원여미지아파트,81000.0,1,51.764,11710,서울송파구
송파더센트레,161000.0,10,55.023,11710,서울송파구
송파더플래티넘,147000.0,4,68.88749999999999,11710,서울송파구
송파동부쎈트레빌,199000.0,1,84.98,11710,서울송파구
송파두산위브,136040.0,5,64.9799,11710,서울송파구
송파레미니스2단지,171000.0,1,84.82,11710,서울송파구
송파레이크파크호반써밋Ⅰ,217000.0,1,108.8119,11710,서울송파구
송파레이크파크호반써밋Ⅱ,228750.0,2,108.8119,11710,서울송파구
송파삼성래미안아파트,217500.0,2,92.845,11710,서울송파구
송파센텀레이크,167500.0,1,67.8257,11710,서울송파구
송파시그니처롯데캐슬,196154.54545454544,11,75.79818181818182,11710,서울송파구
송파와이즈더샵,216666.66666666666,3,96.74493333333334,11710,서울송파구
송파위례리슈빌,207250.0,2,108.49889999999999,11710,서울송파구
송파자연채,68000.0,1,66.87,11710,서울송파구
송파파밀리에더퍼스트,179000.0,1,70.0828,11710,서울송파구
송파파인타운10단지,163633.33333333334,6,59.95666666666667,11710,서울송파구
송파파인타운11단지,182000.0,1,84.94,11710,서울송파구
송파파인타운1단지,180000.0,1,84.95,11710,서울송파구
송파파인타운2단지,156250.0,2,84.95,11710,서울송파구
송파파인타운3단지,179625.0,4,84.94250000000001,11710,서울송파구
송파파인타운4단지,190000.0,1,84.95,11710,서울송파구
송파파인타운6단지,184000.0,1,84.93,11710,서울송파구
송파파인타운7단지,179833.33333333334,3,84.94,11710,서울송파구
송파파인타운8단지,171500.0,1,59.97,11710,서울송파구
송파파인타운9단지,169500.0,2,59.94,11710,서울송파구
송파파크데일1단지,135300.0,1,84.86,11710,서울송파구
송파파크데일2단지,145000.0,2,99.9,11710,서울송파구
송파해모로아파트,155000.0,1,118.44,11710,서울송파구
송파현대힐스테이트,139000.0,1,84.99,11710,서울송파구
송파호반베르디움더퍼스트,164375.0,4,101.4632,11710,서울송파구
신구블레스밸리,197500.0,1,115.17,11710,서울송파구
신동아,72566.66666666667,3,59.88,11710,서울송파구
신동아타워,92000.0,1,80.13,11710,서울송파구
신동아파밀리에,84500.0,1,59.36,11710,서울송파구
신성노바빌아파트,116875.0,4,59.78,11710,서울송파구
쌍용,166000.0,2,84.85,11710,서울송파구
쌍용스위닷홈(201동),190000.0,1,143.82,11710,서울송파구
쌍용스윗닷홈(104동),188000.0,1,122.43,11710,서울송파구
쌍용스윗닷홈2차,135750.0,2,104.09,11710,서울송파구
쌍용스윗닷홈거여역1차,120125.0,4,90.0125,11710,서울송파구
씨티극동1,146740.0,10,88.454,11710,서울송파구
아남,80666.66666666667,3,74.32333333333334,11710,서울송파구
아시아선수촌아파트,482216.6666666667,12,125.19650000000001,11710,서울송파구
아키죤II,86500.0,2,75.29,11710,서울송파구
에스-탑,99000.0,2,111.285,11710,서울송파구
에스아이팰리스송파올림픽공원,43000.0,1,24.26,11710,서울송파구
에이메스더리버송파,81000.0,1,48.34,11710,서울송파구
연지토성,94000.0,1,101.24,11710,서울송파구
영풍,65850.0,2,59.76,11710,서울송파구
예명,104000.0,1,68.93,11710,서울송파구
옥산크리스탈,89000.0,1,74.53,11710,서울송파구
올림픽베어스타운1,154166.66666666666,3,75.95,11710,서울송파구
올림픽선수기자촌1단지,321750.0,10,104.974,11710,서울송파구
올림픽선수기자촌2단지,308900.0,12,99.90750000000001,11710,서울송파구
올림픽선수기자촌3단지,337600.0,5,119.226,11710,서울송파구
올림픽카운티,30500.0,4,38.46,11710,서울송파구
올림픽파크리움,14750.0,2,13.7835,11710,서울송파구
올림픽포레다움아파트,51500.0,1,31.93,11710,서울송파구
올림픽훼밀리타운,282807.6923076923,39,121.49705128205129,11710,서울송파구
우민-늘푸른아파트,70000.0,1,74.28,11710,서울송파구
우방,116666.66666666667,3,76.54,11710,서울송파구
우방1,106400.0,4,86.1075,11710,서울송파구
우방아파트,96500.0,2,79.07,11710,서울송파구
우성,164000.0,1,43.79,11710,서울송파구
우성4차,254000.0,1,95.84,11710,서울송파구
우성아파트,346954.54545454547,11,107.47272727272728,11710,서울송파구
우송그린,63500.0,1,84.69,11710,서울송파구
우정에쉐르,82700.0,1,84.98,11710,서울송파구
우창,177666.66666666666,3,98.62,11710,서울송파구
위례24단지(꿈에그린),174600.0,15,61.068666666666665,11710,서울송파구
위례2차아이파크,222000.0,4,105.7032,11710,서울송파구
위례신도시송파푸르지오,220214.2857142857,7,108.25817142857143,11710,서울송파구
위례아이파크,234000.0,1,100.7848,11710,서울송파구
위례중앙푸르지오1단지,153600.0,1,110.2718,11710,서울송파구
위례중앙푸르지오2단지,221000.0,2,95.47704999999999,11710,서울송파구
이스턴잠실,28800.0,1,23.93,11710,서울송파구
이트리움송파(281-4),108870.0,1,96.15,11710,서울송파구
잠실더샵루벤,207333.33333333334,3,106.8873,11710,서울송파구
잠실엘스,322911.76470588235,34,79.28,11710,서울송파구
잠실올림픽공원아이파크,225583.33333333334,6,77.80833333333334,11710,서울송파구
잠실월드메르디앙,130500.0,1,59.23,11710,서울송파구
잠실포스코더샵,150000.0,1,84.38,11710,서울송파구
잠실푸르지오월드마크,250000.0,1,120.61,11710,서울송파구
잠실한솔,181166.66666666666,3,68.22666666666667,11710,서울송파구
장미1,354772.7272727273,11,108.35727272727273,11710,서울송파구
장미2,311888.8888888889,9,77.45,11710,서울송파구
장미3,380000.0,1,134.16,11710,서울송파구
주공아파트 5단지,415000.0,12,79.8325,11710,서울송파구
주성파크빌,95800.0,1,84.9,11710,서울송파구
청솔,150000.0,1,73.99,11710,서울송파구
케이앤피상상,90000.0,1,84.95,11710,서울송파구
코오롱아파트,201500.0,7,84.95,11710,서울송파구
크로바맨션,80000.0,1,152.03,11710,서울송파구
테라펠리체송파,65642.85714285714,7,32.66764285714286,11710,서울송파구
토성현대,77675.0,4,51.165,11710,서울송파구
트리니엘,53000.0,2,37.18295,11710,서울송파구
트리지움,315227.2727272727,33,86.64212121212121,11710,서울송파구
트윈팰리스(101동),95000.0,1,84.78,11710,서울송파구
파크리오,274875.0,44,84.5475,11710,서울송파구
파크하비오,196833.33333333334,6,84.95648333333334,11710,서울송파구
풍림1,129500.0,1,80.52,11710,서울송파구
프라임,120000.0,1,133.79,11710,서울송파구
하이파크아파트,74500.0,1,51.2,11710,서울송파구
한강극동,154100.0,8,75.76,11710,서울송파구
한보1,146000.0,1,95.14,11710,서울송파구
한빛웰리스,233000.0,1,188.1,11710,서울송파구
한승,260000.0,1,190.97,11710,서울송파구
한신1,162600.0,2,84.52000000000001,11710,서울송파구
한신잠실코아,144166.66666666666,6,44.913333333333334,11710,서울송파구
한양3,263000.0,3,133.58666666666667,11710,서울송파구
한양아파트,219125.0,8,87.84750000000001,11710,서울송파구
한영해시안아파트,108400.0,1,62.63,11710,서울송파구
헬리오시티,281336.7346938776,49,84.46632653061225,11710,서울송파구
현대,134681.81818181818,11,78.65818181818182,11710,서울송파구
현대(60동),148850.0,2,83.31,11710,서울송파구
현대(62-5),103625.0,4,61.307500000000005,11710,서울송파구
현대1,159125.0,4,83.755,11710,서울송파구
현대1차,133250.0,6,83.175,11710,서울송파구
현대2,101000.0,1,59.21,11710,서울송파구
현대2차,133333.33333333334,3,82.96,11710,서울송파구
현대3차,128000.0,4,84.94,11710,서울송파구
현대7,105550.0,2,84.64500000000001,11710,서울송파구
현대그린빌,68500.0,2,59.67,11710,서울송파구
현대레이크빌1,55000.0,1,27.09,11710,서울송파구
현대리버빌1지구,116653.84615384616,13,64.46461538461539,11710,서울송파구
현대리버빌2지구,115500.0,2,62.96,11710,서울송파구
현대백조,168300.0,5,100.05199999999999,11710,서울송파구
현대홈타운스위트103,156000.0,1,107.83,11710,서울송파구
호수임광,142750.0,4,71.015,11710,서울송파구
힐스빌,41000.0,1,52.62,11710,서울송파구
힐스테이트e편한세상문정,176730.76923076922,13,61.00692307692308,11710,서울송파구
힐스테이트송파위례,219083.33333333334,6,101.73,11710,서울송파구
힐트리움송파,68000.0,1,40.311,11710,서울송파구
DMC마포청구아파트,115630.0,10,84.81,11440,서울마포구
DMC상암센트럴파크1단지,139833.33333333334,3,113.91000000000001,11440,서울마포구
DMC상암센트럴파크2단지,85300.0,5,57.965999999999994,11440,서울마포구
KCC엠파이어리버,183000.0,2,150.73000000000002,11440,서울마포구
강변타운,87500.0,2,84.98,11440,서울마포구
강변한신코아,138000.0,1,77.22,11440,서울마포구
강변힐스테이트,169950.0,6,68.05666666666666,11440,서울마포구
건영월드컵,84500.0,3,82.16666666666667,11440,서울마포구
공덕1삼성래미안,194333.33333333334,6,81.53,11440,서울마포구
공덕2삼성래미안,185666.66666666666,3,76.61666666666666,11440,서울마포구
공덕3삼성래미안,207500.0,1,59.97,11440,서울마포구
공덕SK리더스뷰,243750.0,2,87.765,11440,서울마포구
공덕아이파크,200000.0,1,84.96,11440,서울마포구
공덕자이,233666.66666666666,9,86.65666666666667,11440,서울마포구
광남벨라스(1차),104500.0,2,125.19500000000001,11440,서울마포구
노블레스(249-12),85000.0,1,97.11,11440,서울마포구
대림1,125000.0,1,84.96,11440,서울마포구
대림2,119666.66666666667,3,76.50333333333334,11440,서울마포구
대명,89500.0,4,72.49,11440,서울마포구
대상3,77625.0,4,72.255,11440,서울마포구
대우미래사랑,50408.333333333336,6,51.44833333333333,11440,서울마포구
대우월드마크마포,260000.0,1,138.37,11440,서울마포구
대원,69000.0,1,59.69,11440,서울마포구
대원칸타빌,166000.0,1,84.986,11440,서울마포구
대흥동태영아파트,195214.2857142857,14,78.20571428571428,11440,서울마포구
더클래시,192850.0,22,58.51,11440,서울마포구
도화동현대,155000.0,6,82.97333333333333,11440,서울마포구
두영이지안,80000.0,1,84.13,11440,서울마포구
래미안공덕4차,199125.0,4,78.9825,11440,서울마포구
래미안공덕5차,201000.0,1,59.975,11440,서울마포구
래미안마포리버웰,277500.0,2,84.975,11440,서울마포구
래미안밤섬리베뉴Ⅱ,211166.66666666666,6,84.88,11440,서울마포구
래미안웰스트림,240500.0,2,84.94,11440,서울마포구
로즈빌A,77500.0,2,84.72,11440,서울마포구
리츠,45000.0,1,48.6,11440,서울마포구
마포그랑자이,220750.0,6,68.31,11440,서울마포구
마포그랑자이(2단지),202000.0,1,59.96,11440,서울마포구
마포대림1,233000.0,1,131.85,11440,서울마포구
마포동원베네스트,145000.0,1,58.65,11440,서울마포구
마포래미안푸르지오1단지,212500.0,2,59.9344,11440,서울마포구
마포래미안푸르지오2단지,241800.0,5,79.73298000000001,11440,서울마포구
마포래미안푸르지오3단지,227000.0,3,78.15226666666666,11440,서울마포구
마포래미안푸르지오4단지,243000.0,7,77.61414285714285,11440,서울마포구
마포센트럴 아이파크,215500.0,3,93.68166666666667,11440,서울마포구
마포쌍용황금아파트,163666.66666666666,3,96.52666666666669,11440,서울마포구
마포용강삼성래미안,200000.0,1,84.2,11440,서울마포구
마포월드컵제이스카이,81175.0,4,54.785,11440,서울마포구
마포웨스트리버태영데시앙,184000.0,1,84.482,11440,서울마포구
마포자이,269250.0,2,99.2475,11440,서울마포구
마포자이2차,260000.0,1,84.44,11440,서울마포구
마포중동현대,111166.66666666667,3,68.22000000000001,11440,서울마포구
마포푸르지오더센트럴,82757.14285714286,7,39.66571428571429,11440,서울마포구
마포프레스티지자이,233750.0,4,68.195325,11440,서울마포구
마포한강2차푸르지오,209000.0,4,90.3075,11440,서울마포구
마포한강아이파크,180000.0,4,78.66125,11440,서울마포구
마포한강제이스카이,38900.0,2,31.551,11440,서울마포구
마포한강푸르지오,266000.0,2,137.04,11440,서울마포구
마포현대,159466.66666666666,3,76.56333333333333,11440,서울마포구
만민하늘애,78000.0,1,51.6,11440,서울마포구
메세나폴리스,255285.7142857143,7,142.27314285714286,11440,서울마포구
목화,82500.0,1,84.67,11440,서울마포구
미원1,63500.0,1,58.98,11440,서울마포구
미원2,66500.0,1,59.79,11440,서울마포구
반도유보라아일랜드,305000.0,1,140.4529,11440,서울마포구
밤섬경남아너스빌,180666.66666666666,3,84.85333333333334,11440,서울마포구
밤섬힐스테이트,176000.0,2,72.12,11440,서울마포구
벽산솔렌스힐,144000.0,1,84.9854,11440,서울마포구
보성,127500.0,2,87.09,11440,서울마포구
블레스하임,41000.0,1,23.59,11440,서울마포구
삼성,191916.66666666666,6,78.585,11440,서울마포구
삼우월드,76500.0,1,84.68,11440,서울마포구
삼화아크빌(470-2),94500.0,1,103.9,11440,서울마포구
삼환나띠르빌,118000.0,1,84.9,11440,서울마포구
상록,120400.0,2,53.865,11440,서울마포구
상수두산위브,161000.0,2,84.79,11440,서울마포구
상암월드컵파크10단지,110100.0,5,79.85799999999999,11440,서울마포구
상암월드컵파크12단지,108950.0,5,92.60999999999999,11440,서울마포구
상암월드컵파크2단지,128500.0,9,58.768888888888895,11440,서울마포구
상암월드컵파크3단지,133200.0,5,84.92,11440,서울마포구
상암월드컵파크4단지,165600.0,5,92.768,11440,서울마포구
상암월드컵파크5단지,138025.0,4,99.705,11440,서울마포구
상암월드컵파크6단지,150066.66666666666,3,97.72333333333331,11440,서울마포구
상암월드컵파크7단지,136000.0,7,84.72571428571429,11440,서울마포구
상암월드컵파크9단지,109820.0,10,84.949,11440,서울마포구
서강GS,168450.0,4,73.7025,11440,서울마포구
서강예가,177666.66666666666,3,68.318,11440,서울마포구
서강오벨리스크스위트,148333.33333333334,3,84.96,11440,서울마포구
서교푸르지오,116250.0,2,92.448,11440,서울마포구
서서울삼성,90000.0,1,48.92,11440,서울마포구
서암,71000.0,1,67.08,11440,서울마포구
서희스타힐스,16133.333333333334,3,12.85,11440,서울마포구
성사1차풍림아파트101동,67000.0,1,59.85,11440,서울마포구
성산2차e-편한세상,116000.0,1,84.95,11440,서울마포구
성산동성,72850.0,2,60.0,11440,서울마포구
성산동자담이움아파트,80000.0,1,84.97,11440,서울마포구
성산시영(대우),139600.0,7,50.03000000000001,11440,서울마포구
성산시영(유원),165833.33333333334,3,59.43,11440,서울마포구
성산월드타운대림,113255.55555555556,9,76.37533333333334,11440,서울마포구
성원1,83000.0,1,84.92,11440,서울마포구
성원2,68000.0,1,59.43,11440,서울마포구
성지,81500.0,2,83.05,11440,서울마포구
세양청마루,122000.0,2,57.44,11440,서울마포구
세원,56500.0,1,59.87,11440,서울마포구
센트레,66800.0,1,81.35,11440,서울마포구
솔루체2차아파트,63000.0,1,46.11,11440,서울마포구
솔리스타,15900.0,1,14.29,11440,서울마포구
스카이캐슬,60500.0,1,50.81,11440,서울마포구
신공덕1차삼성래미안1아파트,198000.0,3,76.52,11440,서울마포구
신공덕래미안2차,158100.0,5,64.53,11440,서울마포구
신공덕래미안3차,165000.0,1,59.96,11440,서울마포구
신구강변연가,225000.0,1,152.336,11440,서울마포구
신부파스카5차,40000.0,1,37.17,11440,서울마포구
신수동성원,127000.0,1,59.76,11440,서울마포구
신촌금호,133000.0,2,84.86500000000001,11440,서울마포구
신촌삼익,143000.0,2,72.35,11440,서울마포구
신촌숲아이파크,228666.66666666666,6,80.88183333333333,11440,서울마포구
신촌태영데시앙,154200.0,5,84.97,11440,서울마포구
신촌포스빌,27000.0,1,32.34,11440,서울마포구
애오개아이파크,43250.0,2,30.01,11440,서울마포구
엠제이더퍼스트홍대,25000.0,1,14.89,11440,서울마포구
염리동세양청마루아파트101동,122000.0,1,70.33,11440,서울마포구
염리삼성래미안,162250.0,2,59.805,11440,서울마포구
영화블렌하임,95000.0,1,103.86,11440,서울마포구
예미원,78000.0,1,67.9,11440,서울마포구
예향,73000.0,1,84.17,11440,서울마포구
우성,176090.9090909091,11,87.75863636363637,11440,서울마포구
월드컵아이파크(667),118666.66666666667,3,68.05333333333333,11440,서울마포구
이편한세상마포리버파크,240000.0,1,59.98,11440,서울마포구
일신건영휴먼빌아파트,128000.0,1,83.757,11440,서울마포구
장미(466-0),82000.0,1,78.22,11440,서울마포구
정우상가맨션,137200.0,5,111.774,11440,서울마포구
중동계룡아파트,92250.0,2,72.3,11440,서울마포구
중앙하이츠,145833.33333333334,3,83.82,11440,서울마포구
중앙하이츠101동,51250.0,2,57.86,11440,서울마포구
중앙하이츠104동,50200.0,1,47.01,11440,서울마포구
창전동현대홈타운,107866.66666666667,3,68.09333333333333,11440,서울마포구
창전래미안,148928.57142857142,7,74.92,11440,서울마포구
창전쌍용스윗닷홈,140125.0,2,84.983,11440,서울마포구
코오롱,135500.0,2,84.936,11440,서울마포구
탑건진선미,100000.0,1,84.95,11440,서울마포구
펜트라우스,209000.0,1,115.08,11440,서울마포구
한강2차대주피오레,118500.0,2,84.97,11440,서울마포구
한강그린1차아파트,57750.0,2,60.33,11440,서울마포구
한강밤섬자이,276875.0,4,148.405,11440,서울마포구
한강삼성,175000.0,1,59.97,11440,서울마포구
한국프라우드,128000.0,1,84.9747,11440,서울마포구
한림201동,70000.0,1,71.44,11440,서울마포구
한화꿈에그린,184250.0,2,84.939,11440,서울마포구
한화오벨리스크,84581.25,16,53.305625,11440,서울마포구
함성백합,41200.0,1,38.69,11440,서울마포구
함성월드빌2차,93000.0,1,84.61,11440,서울마포구
함성월드빌3차301동,85000.0,1,76.52,11440,서울마포구
함성참좋은,83000.0,1,95.54,11440,서울마포구
해모로,181500.0,4,77.82624999999999,11440,서울마포구
현대,109916.66666666667,6,86.41166666666668,11440,서울마포구
현대홈타운,156875.0,4,99.1,11440,서울마포구
홍익하이빌,56500.0,1,70.98,11440,서울마포구
휴먼빌,100000.0,1,59.955,11440,서울마포구
G&P용산파크,43500.0,1,28.61,11170,서울용산구
GS자이,292000.0,1,223.75,11170,서울용산구
LG한강자이,272000.0,1,66.39,11170,서울용산구
SK청암대(64-29),290000.0,1,244.95,11170,서울용산구
강변,135000.0,1,64.43,11170,서울용산구
강변삼성스위트,210000.0,1,84.9,11170,서울용산구
강촌,264312.5,8,91.29249999999999,11170,서울용산구
금호베스트빌1,212000.0,3,104.77999999999999,11170,서울용산구
나인원한남,2500000.0,1,273.9424,11170,서울용산구
남산대림,199333.33333333334,3,68.19666666666667,11170,서울용산구
대림,244000.0,2,84.78,11170,서울용산구
대림아르빌,163000.0,2,84.655,11170,서울용산구
도원,38800.0,1,34.81,11170,서울용산구
동아그린,163333.33333333334,3,50.45333333333334,11170,서울용산구
동원베네스트,147000.0,1,84.973,11170,서울용산구
래미안첼리투스,503244.0,4,124.10249999999999,11170,서울용산구
리버빌(삼성),220000.0,2,72.22,11170,서울용산구
리버힐삼성,162833.33333333334,9,77.40777777777777,11170,서울용산구
리첸시아용산A,180000.0,1,122.85,11170,서울용산구
리첸시아용산B,191000.0,1,145.75,11170,서울용산구
미주B,181500.0,2,149.025,11170,서울용산구
반도,356500.0,2,136.21,11170,서울용산구
벽산메가트리움,192666.66666666666,3,84.86333333333333,11170,서울용산구
보람더하임,195000.0,1,84.5343,11170,서울용산구
북한강(성원),223000.0,2,59.55,11170,서울용산구
브라운스톤,199000.0,1,84.98,11170,서울용산구
브라운스톤남산,205000.0,1,163.27,11170,서울용산구
산호,234071.42857142858,7,81.15714285714286,11170,서울용산구
삼성래미안,180130.76923076922,13,82.19846153846153,11170,서울용산구
성아1,85833.33333333333,3,104.87,11170,서울용산구
세양청마루,120000.0,1,59.28,11170,서울용산구
세인트힐,150000.0,1,132.94,11170,서울용산구
센트럴파크,374475.0,20,110.38543999999999,11170,서울용산구
센트레빌아스테리움서울,202416.66666666666,3,141.76666666666668,11170,서울용산구
스카이빌2,92500.0,2,82.53999999999999,11170,서울용산구
시범,113000.0,1,59.5,11170,서울용산구
시온캐슬용산,43000.0,1,19.33,11170,서울용산구
시티파크(2단지),360000.0,1,124.05,11170,서울용산구
시티하우스,24250.0,2,21.45,11170,서울용산구
신동아,428750.0,4,149.14999999999998,11170,서울용산구
신동아1,436750.0,4,84.93,11170,서울용산구
쌍용스윗닷홈,220000.0,1,84.97,11170,서울용산구
아이딜,95000.0,1,84.91,11170,서울용산구
아인하우스,92000.0,1,66.78,11170,서울용산구
아크로타워,180000.0,1,126.3,11170,서울용산구
용산KCC웰츠타워,164416.66666666666,6,88.73833333333334,11170,서울용산구
용산e편한세상,230000.0,2,84.89,11170,서울용산구
용산더프라임,240333.33333333334,3,136.49166666666667,11170,서울용산구
용산데시앙포레,177250.0,2,72.41735,11170,서울용산구
용산동아파트,61000.0,3,49.1,11170,서울용산구
용산롯데캐슬센터포레,225625.0,4,72.37462500000001,11170,서울용산구
용산시티파크(1단지),352600.0,5,140.88,11170,서울용산구
용산파크e-편한세상,187000.0,1,84.67,11170,서울용산구
용산파크뷰(46-3),42000.0,1,27.61,11170,서울용산구
용산파크타워(24-0),368020.0,5,129.332,11170,서울용산구
용산파크타워(24-1),410000.0,1,130.56,11170,서울용산구
용산푸르지오써밋(420),320000.0,1,124.2293,11170,서울용산구
원효전자상가,110000.0,1,55.77,11170,서울용산구
이안용산1차(101동),142000.0,1,84.56,11170,서울용산구
이안용산1차(102동),135000.0,1,84.59,11170,서울용산구
이안용산1차(103동),136966.66666666666,3,75.58333333333333,11170,서울용산구
이안용산프리미어,178000.0,2,109.58500000000001,11170,서울용산구
이촌시범,126000.0,1,59.5,11170,서울용산구
이촌코오롱(A),240000.0,5,70.79400000000001,11170,서울용산구
장미,310000.0,1,196.71,11170,서울용산구
점보,248000.0,1,177.62,11170,서울용산구
제일,127000.0,1,78.8,11170,서울용산구
철우,160000.0,1,68.76,11170,서울용산구
청화1,312833.3333333333,3,118.19333333333334,11170,서울용산구
태성1,88000.0,1,59.95,11170,서울용산구
퍼시픽맨션골드,151000.0,1,145.33,11170,서울용산구
풍전,130000.0,1,76.56,11170,서울용산구
한가람,274250.0,10,84.42,11170,서울용산구
한강(대우),286250.0,4,109.99000000000001,11170,서울용산구
한강로대우아이빌,38000.0,1,32.39,11170,서울용산구
한강맨숀,418965.0,2,87.54,11170,서울용산구
한강수,158000.0,1,148.19,11170,서울용산구
한강자이에클라트,130300.0,5,80.25,11170,서울용산구
한강타운,71000.0,1,59.69,11170,서울용산구
한남더힐,766250.0,4,133.1155,11170,서울용산구
한남동동원베네스트,169500.0,1,81.83,11170,서울용산구
한남동리첸시아,98725.0,8,51.40875,11170,서울용산구
한남아이파크애비뉴,105900.0,6,56.115183333333334,11170,서울용산구
한성1,60933.333333333336,3,49.596666666666664,11170,서울용산구
현대맨숀,373966.6666666667,3,162.17666666666665,11170,서울용산구
현대안성타워,149500.0,1,84.98,11170,서울용산구
현대한강,240000.0,1,84.88,11170,서울용산구
효창베네스,140000.0,1,84.94,11170,서울용산구
효창파크푸르지오,188875.0,4,71.93,11170,서울용산구
효창한신,153000.0,1,71.77,11170,서울용산구
후암미주,103000.0,4,62.775000000000006,11170,서울용산구
SK-VIEW,92500.0,1,84.944,41135,경기분당구
THESHARP판교퍼스트파크,159384.2105263158,19,99.76766842105263,41135,경기분당구
까치마을(1단지)(대우롯데선경),175800.0,5,78.096,41135,경기분당구
까치마을(2단지)(주공),136000.0,7,56.201428571428565,41135,경기분당구
까치마을(3단지)(신원),204000.0,9,137.40222222222224,41135,경기분당구
까치마을(4단지)(롯데),153857.14285714287,7,63.645714285714284,41135,경기분당구
까치마을(4단지)(선경),145950.0,4,59.6875,41135,경기분당구
느티마을(3단지)(공무원),201800.0,5,62.032000000000004,41135,경기분당구
느티마을(4단지)(공무원),190875.0,8,62.7975,41135,경기분당구
더샵분당파크리버,165500.0,7,74.96448571428571,41135,경기분당구
동양정자파라곤(1단지),213500.0,1,166.38,41135,경기분당구
동양정자파라곤(2단지),200750.0,2,125.66499999999999,41135,경기분당구
동원로얄듀크,113250.0,2,108.9185,41135,경기분당구
두산위브트레지움,181750.0,6,142.98333333333332,41135,경기분당구
두산제니스,215000.0,2,144.75,41135,경기분당구
로얄팰리스,215250.0,4,180.8825,41135,경기분당구
매화마을(주공3),76837.5,8,41.38875,41135,경기분당구
매화마을(주공4),71600.0,9,37.47,41135,경기분당구
매화마을공무원1,102458.33333333333,12,56.96083333333333,41135,경기분당구
매화마을공무원2,104696.42857142857,42,60.09166666666666,41135,경기분당구
목련마을(영남),83855.55555555556,9,60.56222222222223,41135,경기분당구
목련마을(한신),86000.0,1,59.88,41135,경기분당구
목련마을(한일),101000.0,3,73.56,41135,경기분당구
무지개(10단지)(건영),165000.0,1,134.82,41135,경기분당구
무지개(10단지)(삼성),143800.0,5,115.08,41135,경기분당구
무지개(12단지)(주공),101234.375,16,54.498125,41135,경기분당구
무지개(1단지)(대림),144700.0,1,84.97,41135,경기분당구
무지개(2단지)(엘지),129100.0,5,67.2324,41135,경기분당구
무지개(3단지)(건영),118823.07692307692,13,59.55076923076923,41135,경기분당구
무지개(3단지)(신한),129925.0,8,72.0255,41135,경기분당구
무지개(4단지)(주공),125090.0,1,58.14,41135,경기분당구
무지개(5단지)(청구),134333.33333333334,9,79.10888888888888,41135,경기분당구
무지개(6단지)(건영),142400.0,5,101.82,41135,경기분당구
무지개(7단지)(라이프),133000.0,1,132.36,41135,경기분당구
미켈란쉐르빌,96666.66666666667,3,73.24,41135,경기분당구
백현마을2단지,265500.0,6,93.13333333333333,41135,경기분당구
백현마을5단지(주공),252600.0,5,80.91,41135,경기분당구
백현마을6단지(주공),257000.0,2,79.715,41135,경기분당구
백현마을7단지(주공),243200.0,5,78.742,41135,경기분당구
백현마을8단지(대림),274333.3333333333,3,112.08,41135,경기분당구
백현마을9단지(e편한세상),259000.0,1,117.8,41135,경기분당구
봇들마을1단지(판교신미주),196350.0,10,82.8822,41135,경기분당구
봇들마을2단지(이지더원),189500.0,2,84.2822,41135,경기분당구
봇들마을3단지(주공),191000.0,2,59.95,41135,경기분당구
봇들마을4단지(주공),197500.0,4,69.7775,41135,경기분당구
봇들마을7단지,283550.0,10,96.498,41135,경기분당구
봇들마을9단지(금호어울림),292200.0,5,112.30799999999999,41135,경기분당구
분당더샾스타파크,174000.0,1,84.9316,41135,경기분당구
분당하우스토리,150333.33333333334,3,116.32,41135,경기분당구
산운마을10단지(대광로제비앙),194166.66666666666,3,75.66266666666667,41135,경기분당구
산운마을11단지(판교포레라움),145500.0,6,54.06333333333333,41135,경기분당구
산운마을12단지판교센트럴포레와이시티,149360.0,5,57.212,41135,경기분당구
산운마을13단지(태영),179416.66666666666,12,100.55333333333334,41135,경기분당구
산운마을14단지(경남아너스빌),190666.66666666666,9,123.82222222222224,41135,경기분당구
산운마을4단지(리가),160375.0,4,84.85185,41135,경기분당구
산운마을5단지(한성필하우스),185500.0,2,84.7244,41135,경기분당구
산운마을6단지(신동아파밀리에),216500.0,2,101.13,41135,경기분당구
산운마을8단지(부영사랑으로),153850.0,6,66.70366666666668,41135,경기분당구
산운마을9단지(대방노블랜드),185733.33333333334,3,76.63666666666667,41135,경기분당구
삼라마이다스빌,150500.0,1,139.71,41135,경기분당구
삼성아데나루체,178000.0,2,106.35499999999999,41135,경기분당구
상록마을(라이프1차),202500.0,3,138.88666666666666,41135,경기분당구
상록마을(라이프2차),169600.0,5,63.396,41135,경기분당구
상록마을(보성),157000.0,4,62.52125,41135,경기분당구
상록마을(우성)1,219937.5,8,86.86375000000001,41135,경기분당구
상록마을(임광),169214.2857142857,7,67.13214285714285,41135,경기분당구
샛별마을(동성),161375.0,8,76.85375,41135,경기분당구
샛별마을(라이프),154725.0,8,80.114375,41135,경기분당구
샛별마을(삼부),155800.0,4,68.55,41135,경기분당구
샛별마을(우방),175055.55555555556,9,90.9688888888889,41135,경기분당구
시범삼성,254800.0,5,147.11599999999999,41135,경기분당구
시범우성,185165.0,20,77.8615,41135,경기분당구
시범한신,220284.61538461538,13,92.16769230769229,41135,경기분당구
시범한양,166012.5,24,83.65125,41135,경기분당구
시범현대,218635.29411764705,17,119.44117647058823,41135,경기분당구
아데나팰리스,205000.0,1,139.13,41135,경기분당구
아름마을(건영),189333.33333333334,3,123.21,41135,경기분당구
아름마을(두산),178000.0,2,145.56,41135,경기분당구
아름마을(삼호),184626.25,8,114.765,41135,경기분당구
아름마을(선경),187716.66666666666,6,76.61,41135,경기분당구
아름마을(태영),181000.0,1,101.85,41135,경기분당구
아름마을(풍림),203125.0,4,89.9175,41135,경기분당구
아름마을(한성),155500.0,1,83.64,41135,경기분당구
아름마을(효성),246000.0,3,132.01999999999998,41135,경기분당구
양지마을(2단지)(청구),251642.85714285713,7,120.51285714285714,41135,경기분당구
양지마을(3단지)(금호),250583.33333333334,6,127.8025,41135,경기분당구
양지마을(5단지)(한양501-514),125443.90243902439,41,38.35,41135,경기분당구
양지마을(5단지)(한양515-529),250111.11111111112,9,126.21777777777778,41135,경기분당구
"양지마을(6단지)(금호,청구)",156700.0,5,61.10119999999999,41135,경기분당구
양지마을(6단지)(한양603동),147375.0,4,59.58,41135,경기분당구
양지마을(금호1),252100.0,10,130.221,41135,경기분당구
이매촌(금강),182800.0,8,84.42,41135,경기분당구
이매촌(동신3),195350.0,2,84.6,41135,경기분당구
이매촌(동신9),203500.0,3,103.83,41135,경기분당구
이매촌(삼성),172385.7142857143,7,94.39285714285714,41135,경기분당구
이매촌(삼환),179000.0,5,98.894,41135,경기분당구
이매촌(성지),189900.0,2,84.9,41135,경기분당구
이매촌(진흥),169500.0,8,65.8425,41135,경기분당구
이매촌(청구),181357.14285714287,7,82.79571428571428,41135,경기분당구
이매촌(한신),154826.66666666666,15,57.974000000000004,41135,경기분당구
장미마을(동부),148583.33333333334,12,82.2675,41135,경기분당구
장미마을(코오롱)1,146140.0,5,79.494,41135,경기분당구
장미마을(현대),123575.0,20,66.7961,41135,경기분당구
장안타운(건영),129250.0,18,87.81,41135,경기분당구
정든마을(1단지)(동아),178500.0,1,101.99,41135,경기분당구
정든마을(2단지)(동아),116275.0,8,48.84,41135,경기분당구
정든마을(5단지)(신화),162750.0,6,77.645,41135,경기분당구
정든마을(6단지)(우성),121750.0,4,48.84,41135,경기분당구
정든마을(6단지)(한진),200500.0,2,117.285,41135,경기분당구
정든마을(7단지)(한진),147000.0,1,49.5,41135,경기분당구
정든마을(8단지)(한진),189500.0,3,98.83,41135,경기분당구
청솔마을(계룡),140700.0,10,55.44,41135,경기분당구
청솔마을(공무원),135000.0,6,59.81666666666666,41135,경기분당구
청솔마을(대원),172750.0,4,98.5675,41135,경기분당구
청솔마을(서광),147666.66666666666,3,53.6,41135,경기분당구
청솔마을(성원),203000.0,2,122.82,41135,경기분당구
청솔마을(영남),160750.0,2,61.80500000000001,41135,경기분당구
청솔마을(유천),155428.57142857142,7,65.7,41135,경기분당구
청솔마을(주공9단지),105439.28571428571,28,39.24,41135,경기분당구
청솔마을(한라),167227.27272727274,11,65.32909090909091,41135,경기분당구
코오롱더프라우,152000.0,2,153.948,41135,경기분당구
탑마을(경남)1,144375.0,4,81.12,41135,경기분당구
탑마을(기산)1,175566.66666666666,3,121.57000000000001,41135,경기분당구
탑마을(대우),167800.0,5,121.29,41135,경기분당구
탑마을(벽산),167900.0,5,101.29400000000001,41135,경기분당구
탑마을(선경)1,146785.7142857143,7,81.70285714285716,41135,경기분당구
탑마을(쌍용)1,165300.0,3,121.57000000000001,41135,경기분당구
탑마을(주공),74891.66666666667,12,36.9825,41135,경기분당구
탑마을(진덕),174000.0,1,131.4,41135,경기분당구
파크뷰,289194.44444444444,18,134.19011111111112,41135,경기분당구
파크타운(대림),221750.0,8,112.15975,41135,경기분당구
파크타운(롯데),234600.0,5,120.34200000000001,41135,경기분당구
파크타운(삼익),245000.0,1,131.49,41135,경기분당구
파크타운(서안),191430.0,10,84.36999999999999,41135,경기분당구
판교더샵포레스트11단지,130250.0,2,84.9673,41135,경기분당구
판교더샵포레스트12단지,130500.0,4,84.98765,41135,경기분당구
판교알파리움1단지,355700.0,5,135.105,41135,경기분당구
판교알파리움2단지,296800.0,10,128.6732,41135,경기분당구
판교원마을11단지(힐스테이트),177200.0,5,110.66400000000002,41135,경기분당구
판교원마을12단지(힐스테이트),172812.5,8,113.535,41135,경기분당구
판교원마을1단지(파라곤),189500.0,2,110.015,41135,경기분당구
판교원마을2단지(푸르지오),215000.0,2,115.2,41135,경기분당구
판교원마을3단지(푸르지오),186333.33333333334,3,90.09666666666668,41135,경기분당구
판교원마을5단지(푸르지오),186100.0,5,87.86,41135,경기분당구
판교원마을6단지(판교대광로제비앙),151150.0,6,63.35633333333334,41135,경기분당구
판교원마을7단지(모아미래도),150857.14285714287,7,66.86457142857144,41135,경기분당구
판교원마을9단지(한림풀에버),175671.42857142858,7,81.2245,41135,경기분당구
판교퍼스트힐푸르지오1단지,127100.0,7,84.90714285714286,41135,경기분당구
판교퍼스트힐푸르지오A2,126833.33333333333,6,84.93666666666667,41135,경기분당구
판교푸르지오그랑블,418000.0,1,117.5193,41135,경기분당구
판교푸르지오월드마크,306500.0,1,127.6,41135,경기분당구
판교풍경채어바니티(5단지),148666.66666666666,3,84.90343333333333,41135,경기분당구
판교풍경채어바니티(7단지),132380.0,5,84.98292000000001,41135,경기분당구
푸른마을(벽산),208625.0,4,124.8375,41135,경기분당구
푸른마을(신성),202166.66666666666,3,100.28000000000002,41135,경기분당구
푸른마을(쌍용),170422.22222222222,9,89.86777777777777,41135,경기분당구
하얀마을(5단지)(주공),89291.66666666667,24,37.01708333333333,41135,경기분당구
한솔마을(1단지)(청구),147666.66666666666,9,74.51611111111112,41135,경기분당구
한솔마을(2단지)(LG),182625.0,4,125.9075,41135,경기분당구
한솔마을(3단지)(한일),188400.0,5,107.282,41135,경기분당구
한솔마을(4단지)(주공),106560.0,30,39.042,41135,경기분당구
한솔마을(5단지)(주공),126895.23809523809,42,49.296428571428564,41135,경기분당구
한솔마을(6단지)(주공),118845.21739130435,23,42.845652173913045,41135,경기분당구
현대I-PARK1,235000.0,1,170.89,41135,경기분당구
현대I-PARK2,213833.33333333334,3,156.49333333333334,41135,경기분당구
현대I-PARK3,202000.0,4,124.33000000000001,41135,경기분당구
효자촌(대우),141066.66666666666,3,74.404,41135,경기분당구
효자촌(대창),125333.33333333333,3,59.442,41135,경기분당구
효자촌(동아),173000.0,2,93.27,41135,경기분당구
효자촌(럭키),126666.66666666667,3,59.44200000000001,41135,경기분당구
효자촌(미래타운),164000.0,1,134.64,41135,경기분당구
효자촌(삼환),178800.0,5,102.39859999999999,41135,경기분당구
효자촌(임광),187136.36363636365,11,117.85363636363637,41135,경기분당구
효자촌(현대),189833.33333333334,3,113.46,41135,경기분당구
효자촌(화성),131625.0,8,64.36125,41135,경기분당구
힐스테이트판교엘포레A4BL,166500.0,5,131.7394,41135,경기분당구
힐스테이트판교엘포레A6BL,161714.2857142857,7,128.13028571428572,41135,경기분당구
