apt_name,trade_price,jeonse_price,gap_man,gap_ratio,region_code,region_name
LG선릉에클라트(B),34225.0,31150.0,3075.0,0.0898,11680,서울강남구
e-편한세상,246555.55555555556,121923.07692307692,124632.47863247864,0.5055,11680,서울강남구
가람,279250.0,79975.0,199275.0,0.7136,11680,서울강남구
강남 더샵 포레스트,338600.0,184000.0,154600.0,0.4566,11680,서울강남구
강남데시앙파크,167580.0,61466.75,106113.25,0.6332,11680,서울강남구
강남데시앙포레,226500.0,97238.46153846153,129261.53846153847,0.5707,11680,서울강남구
강남센트럴아이파크,299708.3333333333,187666.66666666666,112041.66666666666,0.3738,11680,서울강남구
강남엘에이치1단지,182875.0,73479.09090909091,109395.90909090909,0.5982,11680,서울강남구
강남자곡 힐스테이트,140480.0,44512.92307692308,95967.07692307692,0.6831,11680,서울강남구
강남자곡아이파크,188000.0,77030.0,110970.0,0.5903,11680,서울강남구
강남한신휴플러스6단지,166333.33333333334,59728.666666666664,106604.66666666669,0.6409,11680,서울강남구
강남한양수자인(4단지),216125.0,60178.27272727273,155946.72727272726,0.7216,11680,서울강남구
개나리래미안,356250.0,164500.0,191750.0,0.5382,11680,서울강남구
개나리푸르지오,355500.0,145000.0,210500.0,0.5921,11680,서울강남구
개포더샵트리에,276400.0,131250.0,145150.0,0.5251,11680,서울강남구
개포래미안포레스트,302537.037037037,137833.33333333334,164703.70370370368,0.5444,11680,서울강남구
개포우성2,525000.0,167500.0,357500.0,0.681,11680,서울강남구
개포우성3차,295000.0,81666.66666666667,213333.3333333333,0.7232,11680,서울강남구
개포자이,320000.0,140000.0,180000.0,0.5625,11680,서울강남구
개포자이프레지던스,372966.6666666667,153361.53846153847,219605.12820512822,0.5888,11680,서울강남구
개포주공6단지,320000.0,48388.333333333336,271611.6666666667,0.8488,11680,서울강남구
개포주공7단지,279386.6666666667,37775.0,241611.6666666667,0.8648,11680,서울강남구
거평빌라트,170000.0,125000.0,45000.0,0.2647,11680,서울강남구
거평프리젠,40700.0,27750.0,12950.0,0.3182,11680,서울강남구
경남,210000.0,97083.33333333333,112916.66666666667,0.5377,11680,서울강남구
경남2차,497000.0,123625.0,373375.0,0.7513,11680,서울강남구
경남아너스빌,173000.0,95000.0,78000.0,0.4509,11680,서울강남구
금호어울림,242333.33333333334,96000.0,146333.33333333334,0.6039,11680,서울강남구
까치마을,158065.0,45181.71428571428,112883.28571428571,0.7142,11680,서울강남구
논현동한화꿈에그린,128000.0,73500.0,54500.0,0.4258,11680,서울강남구
논현아이파크,118000.0,78000.0,40000.0,0.339,11680,서울강남구
논현파라곤,176000.0,90000.0,86000.0,0.4886,11680,서울강남구
대림아크로빌,330250.0,191712.5,138537.5,0.4195,11680,서울강남구
대명벨리온,16000.0,14000.0,2000.0,0.125,11680,서울강남구
대우디오빌,48312.5,27333.333333333332,20979.166666666668,0.4342,11680,서울강남구
대우디오빌플러스,40000.0,32925.0,7075.0,0.1769,11680,서울강남구
대우아이빌명문가(891-23),26000.0,31666.666666666668,-5666.666666666668,-0.2179,11680,서울강남구
대치더클래스,221500.0,150000.0,71500.0,0.3228,11680,서울강남구
대치르엘,325250.0,165000.0,160250.0,0.4927,11680,서울강남구
대치삼성,252000.0,127466.66666666667,124533.33333333333,0.4942,11680,서울강남구
대치아이파크,410666.6666666667,206250.0,204416.6666666667,0.4978,11680,서울강남구
대치푸르지오써밋,305000.0,179783.33333333334,125216.66666666666,0.4105,11680,서울강남구
대치현대,246500.0,95514.28571428571,150985.7142857143,0.6125,11680,서울강남구
도곡1차아이파크,251000.0,128750.0,122250.0,0.4871,11680,서울강남구
도곡렉슬,378962.962962963,162050.4,216912.56296296298,0.5724,11680,서울강남구
도곡우성아파트,260000.0,63262.5,196737.5,0.7567,11680,서울강남구
동부센트레빌,546666.6666666666,225166.66666666666,321500.0,0.5881,11680,서울강남구
동현아파트1~6,255000.0,75914.28571428571,179085.7142857143,0.7023,11680,서울강남구
두산위브1단지,212000.0,103000.0,109000.0,0.5142,11680,서울강남구
두산위브2단지,242000.0,95000.0,147000.0,0.6074,11680,서울강남구
디에이치아너힐즈,305000.0,149188.23529411765,155811.76470588235,0.5109,11680,서울강남구
디에이치자이개포,389000.0,151178.57142857142,237821.42857142858,0.6114,11680,서울강남구
래미안 개포 루체하임,302000.0,143200.0,158800.0,0.5258,11680,서울강남구
래미안강남힐즈,236928.57142857142,106690.90909090909,130237.66233766233,0.5497,11680,서울강남구
래미안그레이튼,278333.3333333333,99533.25,178800.0833333333,0.6424,11680,서울강남구
래미안그레이튼(진달래2차),333250.0,118492.5,214757.5,0.6444,11680,서울강남구
래미안대치팰리스,481541.6666666667,210727.27272727274,270814.3939393939,0.5624,11680,서울강남구
래미안대치하이스턴,340000.0,169500.0,170500.0,0.5015,11680,서울강남구
래미안라클래시,378000.0,182156.25,195843.75,0.5181,11680,서울강남구
래미안블레스티지,339950.0,149143.75,190806.25,0.5613,11680,서울강남구
래미안삼성2차,310000.0,159600.0,150400.0,0.4852,11680,서울강남구
래미안펜타빌,367500.0,174000.0,193500.0,0.5265,11680,서울강남구
래미안포레,215000.0,36376.666666666664,178623.33333333334,0.8308,11680,서울강남구
럭키(963),272928.5714285714,101109.09090909091,171819.4805194805,0.6295,11680,서울강남구
로데오현대,152333.33333333334,90000.0,62333.33333333334,0.4092,11680,서울강남구
롯데캐슬노블,262500.0,130200.0,132300.0,0.504,11680,서울강남구
롯데캐슬프레미어,348400.0,126637.5,221762.5,0.6365,11680,서울강남구
마일스디오빌,36733.333333333336,33600.0,3133.3333333333358,0.0853,11680,서울강남구
매봉삼성,200000.0,78000.0,122000.0,0.61,11680,서울강남구
미성1차,473000.0,149850.0,323150.0,0.6832,11680,서울강남구
미성2차,467500.0,94437.5,373062.5,0.798,11680,서울강남구
삼부아그레빌,190000.0,84000.0,106000.0,0.5579,11680,서울강남구
삼성,240625.0,91814.0,148811.0,0.6184,11680,서울강남구
삼성동대성유니드,168000.0,72250.0,95750.0,0.5699,11680,서울강남구
삼성동롯데아파트,256666.66666666666,104590.0,152076.66666666666,0.5925,11680,서울강남구
삼성동센트럴아이파크,347500.0,171333.33333333334,176166.66666666666,0.507,11680,서울강남구
삼성동중앙하이츠빌리지,329000.0,154978.33333333334,174021.66666666666,0.5289,11680,서울강남구
삼성동한솔아파트,201750.0,96180.0,105570.0,0.5233,11680,서울강남구
삼성동힐스테이트 1단지,263615.3846153846,116064.28571428571,147551.0989010989,0.5597,11680,서울강남구
삼성래미안,327500.0,111403.83333333333,216096.1666666667,0.6598,11680,서울강남구
삼성청담공원아파트,234750.0,94250.0,140500.0,0.5985,11680,서울강남구
삼익,234375.0,66525.71428571429,167849.2857142857,0.7162,11680,서울강남구
삼익대청아파트,197800.0,54978.541666666664,142821.45833333334,0.722,11680,서울강남구
삼환(101동),217500.0,90000.0,127500.0,0.5862,11680,서울강남구
샘터마을,308000.0,130333.33333333333,177666.6666666667,0.5768,11680,서울강남구
서광아파트,242375.0,97333.33333333333,145041.6666666667,0.5984,11680,서울강남구
선경1차(1동-7동),544000.0,152000.0,392000.0,0.7206,11680,서울강남구
선경2차(8동-12동),490000.0,150000.0,340000.0,0.6939,11680,서울강남구
성원대치2단지아파트,173552.63157894736,43678.205128205125,129874.42645074223,0.7483,11680,서울강남구
세곡푸르지오,183166.66666666666,79056.25,104110.41666666666,0.5684,11680,서울강남구
세방하이빌1,134000.0,64000.0,70000.0,0.5224,11680,서울강남구
수서,168375.0,49906.25,118468.75,0.7036,11680,서울강남구
수서한아름,235500.0,100500.0,135000.0,0.5732,11680,서울강남구
시티프라디움더강남101동,163000.0,85000.0,78000.0,0.4785,11680,서울강남구
시티프라디움더강남201동,167500.0,96000.0,71500.0,0.4269,11680,서울강남구
신동아,173450.0,43566.8,129883.2,0.7488,11680,서울강남구
신동아(22),144000.0,49377.142857142855,94622.85714285714,0.6571,11680,서울강남구
신현대11차,892000.0,200000.0,692000.0,0.7758,11680,서울강남구
신현대12차,806555.5555555555,133733.33333333334,672822.2222222221,0.8342,11680,서울강남구
신현대9차,662300.0,130000.0,532300.0,0.8037,11680,서울강남구
"쌍용대치아파트1동,2동,3동,5동,6동",470000.0,78250.0,391750.0,0.8335,11680,서울강남구
쌍용플래티넘,240000.0,168000.0,72000.0,0.3,11680,서울강남구
쌍용플레티넘밸류,144666.66666666666,89250.0,55416.66666666666,0.3831,11680,서울강남구
아이파크,733000.0,370000.0,363000.0,0.4952,11680,서울강남구
아카데미스위트1,257750.0,161500.0,96250.0,0.3734,11680,서울강남구
아크로삼성,590000.0,270000.0,320000.0,0.5424,11680,서울강남구
압구정대원칸타빌아파트,165500.0,97125.0,68375.0,0.4131,11680,서울강남구
에벤에셀빌라트,90000.0,70000.0,20000.0,0.2222,11680,서울강남구
역삼래미안,276083.3333333333,105876.92307692308,170206.41025641025,0.6165,11680,서울강남구
역삼자이,327000.0,128858.5,198141.5,0.6059,11680,서울강남구
역삼푸르지오,277000.0,114221.11111111111,162778.88888888888,0.5876,11680,서울강남구
우민,126000.0,70050.0,55950.0,0.444,11680,서울강남구
우성7,291500.0,74020.0,217480.0,0.7461,11680,서울강남구
은마,365111.1111111111,75075.13513513513,290035.975975976,0.7944,11680,서울강남구
이지마루역삼,37750.0,34000.0,3750.0,0.0993,11680,서울강남구
중명하니빌,30000.0,27000.0,3000.0,0.1,11680,서울강남구
진흥아파트,403666.6666666667,107437.5,296229.1666666667,0.7338,11680,서울강남구
청구아파트,268500.0,79966.66666666667,188533.3333333333,0.7022,11680,서울강남구
청담대림이-편한세상,280000.0,102900.0,177100.0,0.6325,11680,서울강남구
청담자이,322700.0,131590.9090909091,191109.0909090909,0.5922,11680,서울강남구
청담현대3차아파트,224166.66666666666,90880.0,133286.66666666666,0.5946,11680,서울강남구
타워팰리스1,557166.6666666666,206200.0,350966.6666666666,0.6299,11680,서울강남구
타워팰리스2,327500.0,202166.66666666666,125333.33333333334,0.3827,11680,서울강남구
타워팰리스3,466600.0,250000.0,216600.0,0.4642,11680,서울강남구
테헤란로대우아이빌(891-6),90500.0,44429.0,46071.0,0.5091,11680,서울강남구
테헤란아이파크,278000.0,131500.0,146500.0,0.527,11680,서울강남구
펜트힐루논현,100000.0,63266.666666666664,36733.333333333336,0.3673,11680,서울강남구
푸른마을아파트101동~111동,217844.44444444444,77855.55555555556,139988.88888888888,0.6426,11680,서울강남구
풍림(1차),268333.3333333333,84500.0,183833.3333333333,0.6851,11680,서울강남구
한보미도맨션1,390666.6666666667,120923.07692307692,269743.58974358975,0.6905,11680,서울강남구
한보미도맨션2,490000.0,124510.0,365490.0,0.7459,11680,서울강남구
한솔마을,259157.14285714287,69000.0,190157.14285714287,0.7338,11680,서울강남구
한스빌(836),44000.0,31500.0,12500.0,0.2841,11680,서울강남구
한신엠비씨,254000.0,86925.0,167075.0,0.6578,11680,서울강남구
한신오페라하우스,235000.0,108000.0,127000.0,0.5404,11680,서울강남구
한양1차(영동한양),486000.0,76107.14285714286,409892.85714285716,0.8434,11680,서울강남구
한양3,591333.3333333334,102500.0,488833.3333333334,0.8267,11680,서울강남구
한양6,520000.0,95000.0,425000.0,0.8173,11680,서울강남구
한양7,490000.0,76000.0,414000.0,0.8449,11680,서울강남구
한양수자인어반게이트,18000.0,18900.0,-900.0,-0.05,11680,서울강남구
한일,217000.0,99000.0,118000.0,0.5438,11680,서울강남구
한진로즈힐,183000.0,90000.0,93000.0,0.5082,11680,서울강남구
한화진넥스빌,38550.0,28200.0,10350.0,0.2685,11680,서울강남구
현대13차(208~211동),617500.0,100000.0,517500.0,0.8381,11680,서울강남구
"현대14차(203,204,205,206동)",581250.0,99750.0,481500.0,0.8284,11680,서울강남구
"현대1차(12,13,21,22,31,32,33동)",630000.0,142737.5,487262.5,0.7734,11680,서울강남구
현대1차101동~106동,342000.0,115000.0,227000.0,0.6637,11680,서울강남구
현대2,325000.0,112714.28571428571,212285.7142857143,0.6532,11680,서울강남구
"현대2차(10,11,20,23,24,25동)",970000.0,160000.0,810000.0,0.8351,11680,서울강남구
현대3차(61~64동),475000.0,89750.0,385250.0,0.8111,11680,서울강남구
현대4,248000.0,78750.0,169250.0,0.6825,11680,서울강남구
현대4차저층(51~56동),680000.0,129000.0,551000.0,0.8103,11680,서울강남구
"현대5차(71,72동)",546666.6666666666,81750.0,464916.6666666666,0.8505,11680,서울강남구
"현대6차(78~81,83,84,86,87동)",768500.0,201900.0,566600.0,0.7373,11680,서울강남구
현대8차(성수현대:91~95동),561500.0,137300.0,424200.0,0.7555,11680,서울강남구
현대비젼21,39700.0,35450.0,4250.0,0.1071,11680,서울강남구
현대아파트,248000.0,78290.0,169710.0,0.6843,11680,서울강남구
현대아파트1동~3동,235000.0,95000.0,140000.0,0.5957,11680,서울강남구
현대아파트3,401000.0,110375.0,290625.0,0.7248,11680,서울강남구
현대힐스테이트2단지,342833.3333333333,110538.23529411765,232295.09803921566,0.6776,11680,서울강남구
SK리더스뷰(파스텔시티),173500.0,110000.0,63500.0,0.366,11650,서울서초구
urbanplace,24500.0,17500.0,7000.0,0.2857,11650,서울서초구
강변,291625.0,86100.0,205525.0,0.7048,11650,서울서초구
경남아너스빌201동,210666.66666666666,105000.0,105666.66666666666,0.5016,11650,서울서초구
대림,205750.0,98142.85714285714,107607.14285714286,0.523,11650,서울서초구
대림e-편한세상1,294333.3333333333,165000.0,129333.33333333331,0.4394,11650,서울서초구
대림서초리시온,57037.5,38837.5,18200.0,0.3191,11650,서울서초구
대성유니드,198000.0,97200.0,100800.0,0.5091,11650,서울서초구
대우아이빌,59700.0,34650.0,25050.0,0.4196,11650,서울서초구
더샵서초,134000.0,152500.0,-18500.0,-0.1381,11650,서울서초구
동고,161833.33333333334,64416.666666666664,97416.66666666669,0.602,11650,서울서초구
동아,337500.0,100343.75,237156.25,0.7027,11650,서울서초구
두산위브(1362),111000.0,75000.0,36000.0,0.3243,11650,서울서초구
디에이치반포라클라스,377750.0,177156.25,200593.75,0.531,11650,서울서초구
래미안 리더스원,312200.0,170330.55555555556,141869.44444444444,0.4544,11650,서울서초구
래미안방배아트힐(1008-2),262750.0,126000.0,136750.0,0.5205,11650,서울서초구
래미안방배에버뉴,296000.0,140000.0,156000.0,0.527,11650,서울서초구
래미안서초스위트,288600.0,121337.5,167262.5,0.5796,11650,서울서초구
래미안서초에스티지,328333.3333333333,173400.0,154933.3333333333,0.4719,11650,서울서초구
래미안서초에스티지S,335000.0,157180.76923076922,177819.23076923078,0.5308,11650,서울서초구
래미안서초유니빌,47183.333333333336,36750.0,10433.333333333336,0.2211,11650,서울서초구
래미안신반포팰리스,467400.0,130497.25,336902.75,0.7208,11650,서울서초구
래미안원베일리,686391.304347826,250776.38888888888,435614.9154589372,0.6346,11650,서울서초구
래미안원펜타스,931666.6666666666,186996.0,744670.6666666666,0.7993,11650,서울서초구
래미안퍼스티지,655700.0,162822.34375,492877.65625,0.7517,11650,서울서초구
롯데캐슬갤럭시(50-1),350000.0,150833.33333333334,199166.66666666666,0.569,11650,서울서초구
롯데캐슬아르떼,369000.0,87030.74193548386,281969.2580645161,0.7641,11650,서울서초구
롯데캐슬클래식,317950.0,114421.42857142857,203528.57142857142,0.6401,11650,서울서초구
롯데캐슬헤론,263000.0,166750.0,96250.0,0.366,11650,서울서초구
"마제스타시티(힐스테이트서리풀101,102동)",201000.0,108333.33333333333,92666.66666666667,0.461,11650,서울서초구
메이플자이,464517.2413793103,112622.79069767441,351894.4506816359,0.7575,11650,서울서초구
미주파스텔,210500.0,90000.0,120500.0,0.5724,11650,서울서초구
밀라텔쉐르빌,62666.666666666664,51160.0,11506.666666666664,0.1836,11650,서울서초구
반포두산힐스빌,123333.33333333333,45000.0,78333.33333333333,0.6351,11650,서울서초구
반포래미안아이파크,452200.0,179795.83333333334,272404.1666666666,0.6024,11650,서울서초구
반포르엘,579000.0,171564.44444444444,407435.55555555556,0.7037,11650,서울서초구
반포르엘2차,452000.0,158333.33333333334,293666.6666666666,0.6497,11650,서울서초구
반포리체,334166.6666666667,149839.2857142857,184327.38095238098,0.5516,11650,서울서초구
반포미도,404000.0,79142.85714285714,324857.14285714284,0.8041,11650,서울서초구
반포미도2차아파트,281800.0,64916.666666666664,216883.33333333334,0.7696,11650,서울서초구
반포센트럴자이,468000.0,188987.03703703705,279012.9629629629,0.5962,11650,서울서초구
반포써밋,334000.0,145375.0,188625.0,0.5647,11650,서울서초구
반포쎄레노아파트,93000.0,57500.0,35500.0,0.3817,11650,서울서초구
반포자이,558833.3333333334,163918.025,394915.30833333335,0.7067,11650,서울서초구
반포힐스테이트,401666.6666666667,153500.0,248166.6666666667,0.6178,11650,서울서초구
방배1차현대홈타운,236666.66666666666,91800.0,144866.66666666666,0.6121,11650,서울서초구
방배2차현대홈타운,256750.0,98500.0,158250.0,0.6164,11650,서울서초구
방배3차e-편한세상,370000.0,241666.66666666666,128333.33333333334,0.3468,11650,서울서초구
방배3차현대홈타운,242166.66666666666,131333.33333333334,110833.33333333331,0.4577,11650,서울서초구
방배그랑자이,243000.0,137590.0,105410.0,0.4338,11650,서울서초구
방배래미안타워,230000.0,107303.75,122696.25,0.5335,11650,서울서초구
방배비젼21빌라트,199500.0,135000.0,64500.0,0.3233,11650,서울서초구
방배신삼호,368333.3333333333,85000.0,283333.3333333333,0.7692,11650,서울서초구
방배아크로리버,262000.0,139000.0,123000.0,0.4695,11650,서울서초구
방배아트자이,259333.33333333334,98477.5,160855.83333333334,0.6203,11650,서울서초구
방배우성,248750.0,79475.0,169275.0,0.6805,11650,서울서초구
방배임광3차,120000.0,59150.0,60850.0,0.5071,11650,서울서초구
방배현대멤피스2,250000.0,120000.0,130000.0,0.52,11650,서울서초구
삼성래미안1,209333.33333333334,87225.0,122108.33333333334,0.5833,11650,서울서초구
삼성서초가든스위트,393000.0,190000.0,203000.0,0.5165,11650,서울서초구
삼풍아파트,376071.4285714286,109265.54054054055,266805.88803088805,0.7095,11650,서울서초구
삼호1동~3동,242900.0,71900.0,171000.0,0.704,11650,서울서초구
삼호한숲,186500.0,76750.0,109750.0,0.5885,11650,서울서초구
서리풀e편한세상,263550.0,125750.0,137800.0,0.5229,11650,서울서초구
서리풀프라젠아파트,164500.0,87000.0,77500.0,0.4711,11650,서울서초구
서초2차e-편한세상,246000.0,121875.0,124125.0,0.5046,11650,서울서초구
서초4현대,159000.0,86100.0,72900.0,0.4585,11650,서울서초구
서초교대e편한세상,326666.6666666667,87385.66666666667,239281.0,0.7325,11650,서울서초구
서초그랑자이,370958.3333333333,173875.0,197083.3333333333,0.5313,11650,서울서초구
서초네이처힐2단지,130000.0,36871.9,93128.1,0.7164,11650,서울서초구
서초네이처힐3단지,203000.0,66441.55,136558.45,0.6727,11650,서울서초구
서초네이처힐6단지,190000.0,86100.0,103900.0,0.5468,11650,서울서초구
서초더샵포레,189833.33333333334,80145.13043478261,109688.20289855073,0.5778,11650,서울서초구
서초동롯데캐슬리버티,214500.0,117666.66666666667,96833.33333333333,0.4514,11650,서울서초구
서초동삼성쉐르빌2,54375.0,48700.0,5675.0,0.1044,11650,서울서초구
서초동아이파크,250000.0,133350.0,116650.0,0.4666,11650,서울서초구
서초래미안,308750.0,112966.66666666667,195783.3333333333,0.6341,11650,서울서초구
서초롯데캐슬프레지던트,335000.0,138284.0,196716.0,0.5872,11650,서울서초구
서초벽산블루밍,200000.0,129150.0,70850.0,0.3542,11650,서울서초구
서초센트럴IPARK,219300.0,114000.0,105300.0,0.4802,11650,서울서초구
서초이에스에이3차,145000.0,74000.0,71000.0,0.4897,11650,서울서초구
서초이오빌,35887.5,35020.0,867.5,0.0242,11650,서울서초구
서초자이,213250.0,141500.0,71750.0,0.3365,11650,서울서초구
서초중흥S-클래스(도시형생활주택),19000.0,16750.0,2250.0,0.1184,11650,서울서초구
서초파라곤,120000.0,110000.0,10000.0,0.0833,11650,서울서초구
서초포레스타3단지,196000.0,69046.4,126953.6,0.6477,11650,서울서초구
서초포레스타5단지,200000.0,49612.74509803922,150387.25490196078,0.7519,11650,서울서초구
서초포레스타6단지,170000.0,56735.22222222222,113264.77777777778,0.6663,11650,서울서초구
서초푸르지오써밋,354800.0,129307.5294117647,225492.4705882353,0.6355,11650,서울서초구
서초한빛삼성,193950.0,94625.0,99325.0,0.5121,11650,서울서초구
서초한신,210000.0,112500.0,97500.0,0.4643,11650,서울서초구
서초한신리빙타워,80000.0,45000.0,35000.0,0.4375,11650,서울서초구
서초현대,166250.0,84931.25,81318.75,0.4891,11650,서울서초구
서초호반써밋,231000.0,99570.0,131430.0,0.569,11650,서울서초구
서초힐스,187900.0,78523.80952380953,109376.19047619047,0.5821,11650,서울서초구
신반포19,361666.6666666667,88333.33333333333,273333.3333333334,0.7558,11650,서울서초구
신반포2,525400.0,63814.705882352944,461585.29411764705,0.8785,11650,서울서초구
신반포25,387000.0,73500.0,313500.0,0.8101,11650,서울서초구
신반포4,455000.0,91095.45454545454,363904.54545454547,0.7998,11650,서울서초구
신반포7,358500.0,97020.0,261480.0,0.7294,11650,서울서초구
신반포자이,363000.0,142313.63636363635,220686.36363636365,0.608,11650,서울서초구
신반포청구,271000.0,101333.33333333333,169666.6666666667,0.6261,11650,서울서초구
신영체르니,54666.666666666664,34944.166666666664,19722.5,0.3608,11650,서울서초구
신원아침도시(1420),183000.0,71500.0,111500.0,0.6093,11650,서울서초구
신화,210333.33333333334,95000.0,115333.33333333334,0.5483,11650,서울서초구
쌍용예가클래식,245000.0,135000.0,110000.0,0.449,11650,서울서초구
아크로리버뷰신반포,455333.3333333333,176839.5,278493.8333333333,0.6116,11650,서울서초구
아크로리버파크,584500.0,161260.64285714287,423239.35714285716,0.7241,11650,서울서초구
아크로비스타,350000.0,227000.0,123000.0,0.3514,11650,서울서초구
엘루크방배서리풀,121000.0,61400.0,59600.0,0.4926,11650,서울서초구
우성,204666.66666666666,73025.0,131641.66666666666,0.6432,11650,서울서초구
우성KBS(113동),208000.0,53500.0,154500.0,0.7428,11650,서울서초구
우성아파트,221166.66666666666,75125.0,146041.66666666666,0.6603,11650,서울서초구
우솔마을서초리슈빌S아파트,47000.0,30000.0,17000.0,0.3617,11650,서울서초구
유원서초,261000.0,97230.0,163770.0,0.6275,11650,서울서초구
임광,261400.0,89400.0,172000.0,0.658,11650,서울서초구
잠원현대훼밀리,247500.0,90000.0,157500.0,0.6364,11650,서울서초구
중앙하이츠,264833.3333333333,102500.0,162333.3333333333,0.613,11650,서울서초구
지에스타워,42600.0,18000.0,24600.0,0.5775,11650,서울서초구
진흥아파트,388215.0,72467.5,315747.5,0.8133,11650,서울서초구
코오롱,161000.0,53492.307692307695,107507.69230769231,0.6677,11650,서울서초구
킴스빌리지,155000.0,41030.0,113970.0,0.7353,11650,서울서초구
한강,308000.0,90977.77777777778,217022.22222222222,0.7046,11650,서울서초구
한라,151750.0,48578.57142857143,103171.42857142858,0.6799,11650,서울서초구
한신,327125.0,102285.71428571429,224839.2857142857,0.6873,11650,서울서초구
한신로얄,275000.0,85000.0,190000.0,0.6909,11650,서울서초구
한신서래,294500.0,56334.22222222222,238165.77777777778,0.8087,11650,서울서초구
한신타워,329000.0,91721.42857142857,237278.57142857142,0.7212,11650,서울서초구
한신휴플러스,160000.0,100000.0,60000.0,0.375,11650,서울서초구
현대,300000.0,92083.33333333333,207916.6666666667,0.6931,11650,서울서초구
현대멤피스,275000.0,150000.0,125000.0,0.4545,11650,서울서초구
현대슈퍼빌,284500.0,155000.0,129500.0,0.4552,11650,서울서초구
현대아파트,214833.33333333334,67000.0,147833.33333333334,0.6881,11650,서울서초구
호반써밋서초파크,159250.0,66877.77777777778,92372.22222222222,0.58,11650,서울서초구
황실자이,327500.0,225000.0,102500.0,0.313,11650,서울서초구
힐스테이트서초젠트리스,240000.0,110925.0,129075.0,0.5378,11650,서울서초구
2차한양아파트,232712.5,58333.333333333336,174379.16666666666,0.7493,11710,서울송파구
e편한세상송파파크센트럴,190106.25,82505.55555555556,107600.69444444444,0.566,11710,서울송파구
가락(1차)쌍용아파트,194474.1935483871,70294.11764705883,124180.07590132827,0.6385,11710,서울송파구
가락금호아파트,179833.33333333334,63229.642857142855,116603.69047619049,0.6484,11710,서울송파구
가락쌍용(2차),196850.0,62550.0,134300.0,0.6822,11710,서울송파구
갑을,88100.0,45625.0,42475.0,0.4821,11710,서울송파구
갤러리아팰리스,325000.0,184000.0,141000.0,0.4338,11710,서울송파구
거여1단지,107660.43478260869,43657.142857142855,64003.29192546583,0.5945,11710,서울송파구
거여4단지,112142.85714285714,43900.0,68242.85714285714,0.6085,11710,서울송파구
거여5단지,131500.0,47177.77777777778,84322.22222222222,0.6412,11710,서울송파구
건영1,156333.33333333334,60000.0,96333.33333333334,0.6162,11710,서울송파구
극동,176600.0,51134.61538461538,125465.38461538462,0.7104,11710,서울송파구
금호어울림,112000.0,61640.0,50360.0,0.4496,11710,서울송파구
대림,226927.27272727274,77777.77777777778,149149.49494949495,0.6573,11710,서울송파구
대아(제101상가동),85300.0,45000.0,40300.0,0.4725,11710,서울송파구
더뷰21,89000.0,65000.0,24000.0,0.2697,11710,서울송파구
동부센트레빌,211000.0,95150.0,115850.0,0.5491,11710,서울송파구
동아한가람1,154500.0,75125.0,79375.0,0.5138,11710,서울송파구
두산위브,14500.0,16233.333333333334,-1733.333333333334,-0.1195,11710,서울송파구
래미안송파파인탑,225800.0,84396.42857142857,141403.57142857142,0.6262,11710,서울송파구
래미안파크팰리스,223083.33333333334,96945.0,126138.33333333334,0.5654,11710,서울송파구
레이크팰리스,306050.0,134018.33333333334,172031.66666666666,0.5621,11710,서울송파구
레이크해모로,125666.66666666667,80000.0,45666.66666666667,0.3634,11710,서울송파구
롯데캐슬골드,333800.0,187666.66666666666,146133.33333333334,0.4378,11710,서울송파구
리센츠,287010.0,125700.23076923077,161309.76923076925,0.562,11710,서울송파구
마천금호어울림1차아파트,115125.0,52000.0,63125.0,0.5483,11710,서울송파구
문정가락현대1차,213250.0,40342.857142857145,172907.14285714284,0.8108,11710,서울송파구
문정대우푸르지오1차,146666.66666666666,62350.0,84316.66666666666,0.5749,11710,서울송파구
문정대우푸르지오2차,141750.0,51050.0,90700.0,0.6399,11710,서울송파구
문정래미안,214545.45454545456,99343.75,115201.70454545456,0.537,11710,서울송파구
문정시영,96913.33333333333,25252.941176470587,71660.39215686274,0.7394,11710,서울송파구
미성,144666.66666666666,70000.0,74666.66666666666,0.5161,11710,서울송파구
미성맨션,206100.0,77725.0,128375.0,0.6229,11710,서울송파구
미켈란호수가,199000.0,135000.0,64000.0,0.3216,11710,서울송파구
보화2차,106750.0,16000.0,90750.0,0.8501,11710,서울송파구
삼성,132333.33333333334,68875.0,63458.33333333334,0.4795,11710,서울송파구
삼환,222125.0,39000.0,183125.0,0.8244,11710,서울송파구
상아2차아파트,155166.66666666666,41428.57142857143,113738.09523809524,0.733,11710,서울송파구
석촌호수효성해링턴타워,23550.0,24000.0,-450.0,-0.0191,11710,서울송파구
성영,80000.0,45500.0,34500.0,0.4312,11710,서울송파구
성원상떼빌,148333.33333333334,86875.0,61458.33333333334,0.4143,11710,서울송파구
송파더센트레,161000.0,58430.416666666664,102569.58333333334,0.6371,11710,서울송파구
송파더플래티넘,147000.0,74712.5,72287.5,0.4918,11710,서울송파구
송파동부쎈트레빌,199000.0,92666.66666666667,106333.33333333333,0.5343,11710,서울송파구
송파두산위브,136040.0,67500.0,68540.0,0.5038,11710,서울송파구
송파레미니스2단지,171000.0,73070.0,97930.0,0.5727,11710,서울송파구
송파레이크파크호반써밋Ⅰ,217000.0,86653.33333333333,130346.66666666667,0.6007,11710,서울송파구
송파레이크파크호반써밋Ⅱ,228750.0,97854.16666666667,130895.83333333333,0.5722,11710,서울송파구
송파삼성래미안아파트,217500.0,90600.0,126900.0,0.5834,11710,서울송파구
송파센텀레이크,167500.0,76250.0,91250.0,0.5448,11710,서울송파구
송파시그니처롯데캐슬,196154.54545454544,83127.7027027027,113026.84275184273,0.5762,11710,서울송파구
송파와이즈더샵,216666.66666666666,87177.77777777778,129488.88888888888,0.5976,11710,서울송파구
송파위례리슈빌,207250.0,104833.33333333333,102416.66666666667,0.4942,11710,서울송파구
송파파밀리에더퍼스트,179000.0,63125.0,115875.0,0.6473,11710,서울송파구
송파파인타운10단지,163633.33333333334,61288.77777777778,102344.55555555556,0.6255,11710,서울송파구
송파파인타운11단지,182000.0,77218.0,104782.0,0.5757,11710,서울송파구
송파파인타운1단지,180000.0,56291.0,123709.0,0.6873,11710,서울송파구
송파파인타운2단지,156250.0,67000.0,89250.0,0.5712,11710,서울송파구
송파파인타운3단지,179625.0,78500.0,101125.0,0.563,11710,서울송파구
송파파인타운4단지,190000.0,40760.8,149239.2,0.7855,11710,서울송파구
송파파인타운6단지,184000.0,66156.90909090909,117843.09090909091,0.6405,11710,서울송파구
송파파인타운8단지,171500.0,36822.5,134677.5,0.7853,11710,서울송파구
송파파인타운9단지,169500.0,37690.6,131809.4,0.7776,11710,서울송파구
송파파크데일1단지,135300.0,43348.444444444445,91951.55555555556,0.6796,11710,서울송파구
송파파크데일2단지,145000.0,51435.22222222222,93564.77777777778,0.6453,11710,서울송파구
송파해모로아파트,155000.0,83000.0,72000.0,0.4645,11710,서울송파구
송파호반베르디움더퍼스트,164375.0,90000.0,74375.0,0.4525,11710,서울송파구
신구블레스밸리,197500.0,102500.0,95000.0,0.481,11710,서울송파구
신동아,72566.66666666667,51500.0,21066.66666666667,0.2903,11710,서울송파구
신동아파밀리에,84500.0,39900.0,44600.0,0.5278,11710,서울송파구
신성노바빌아파트,116875.0,52750.0,64125.0,0.5487,11710,서울송파구
쌍용,166000.0,66366.66666666667,99633.33333333333,0.6002,11710,서울송파구
쌍용스윗닷홈거여역1차,120125.0,71000.0,49125.0,0.4089,11710,서울송파구
씨티극동1,146740.0,65000.0,81740.0,0.557,11710,서울송파구
아남,80666.66666666667,44000.0,36666.66666666667,0.4545,11710,서울송파구
아시아선수촌아파트,482216.6666666667,132344.44444444444,349872.22222222225,0.7255,11710,서울송파구
연지토성,94000.0,47000.0,47000.0,0.5,11710,서울송파구
올림픽베어스타운1,154166.66666666666,61700.0,92466.66666666666,0.5998,11710,서울송파구
올림픽선수기자촌1단지,321750.0,84756.66666666667,236993.3333333333,0.7366,11710,서울송파구
올림픽선수기자촌2단지,308900.0,98089.88888888889,210810.11111111112,0.6825,11710,서울송파구
올림픽선수기자촌3단지,337600.0,107465.38461538461,230134.61538461538,0.6817,11710,서울송파구
올림픽카운티,30500.0,27800.0,2700.0,0.0885,11710,서울송파구
올림픽훼밀리타운,282807.6923076923,93692.75510204081,189114.93720565148,0.6687,11710,서울송파구
우민-늘푸른아파트,70000.0,35000.0,35000.0,0.5,11710,서울송파구
우방,116666.66666666667,58800.0,57866.66666666667,0.496,11710,서울송파구
우방1,106400.0,43500.0,62900.0,0.5912,11710,서울송파구
우방아파트,96500.0,55066.666666666664,41433.333333333336,0.4294,11710,서울송파구
우성,164000.0,46406.555555555555,117593.44444444444,0.717,11710,서울송파구
우성4차,254000.0,43292.5,210707.5,0.8296,11710,서울송파구
우성아파트,346954.54545454547,83933.33333333333,263021.21212121216,0.7581,11710,서울송파구
우창,177666.66666666666,67233.33333333333,110433.33333333333,0.6216,11710,서울송파구
위례24단지(꿈에그린),174600.0,69056.09756097561,105543.90243902439,0.6045,11710,서울송파구
위례2차아이파크,222000.0,95500.0,126500.0,0.5698,11710,서울송파구
위례신도시송파푸르지오,220214.2857142857,97085.71428571429,123128.57142857142,0.5591,11710,서울송파구
위례아이파크,234000.0,78846.0,155154.0,0.6631,11710,서울송파구
위례중앙푸르지오1단지,153600.0,85000.0,68600.0,0.4466,11710,서울송파구
위례중앙푸르지오2단지,221000.0,92533.33333333333,128466.66666666667,0.5813,11710,서울송파구
이스턴잠실,28800.0,32150.0,-3350.0,-0.1163,11710,서울송파구
잠실더샵루벤,207333.33333333334,123000.0,84333.33333333334,0.4068,11710,서울송파구
잠실엘스,322911.76470588235,124420.0,198491.76470588235,0.6147,11710,서울송파구
잠실올림픽공원아이파크,225583.33333333334,113800.0,111783.33333333334,0.4955,11710,서울송파구
잠실포스코더샵,150000.0,74045.0,75955.0,0.5064,11710,서울송파구
잠실푸르지오월드마크,250000.0,139700.0,110300.0,0.4412,11710,서울송파구
잠실한솔,181166.66666666666,72860.0,108306.66666666666,0.5978,11710,서울송파구
장미1,354772.7272727273,74620.0,280152.7272727273,0.7897,11710,서울송파구
장미2,311888.8888888889,74832.14285714286,237056.74603174604,0.7601,11710,서울송파구
장미3,380000.0,81900.0,298100.0,0.7845,11710,서울송파구
주공아파트 5단지,415000.0,55941.413043478264,359058.5869565217,0.8652,11710,서울송파구
코오롱아파트,201500.0,74100.0,127400.0,0.6323,11710,서울송파구
토성현대,77675.0,45000.0,32675.0,0.4207,11710,서울송파구
트리지움,315227.2727272727,124476.44444444444,190750.82828282827,0.6051,11710,서울송파구
파크리오,274875.0,111930.89887640449,162944.1011235955,0.5928,11710,서울송파구
파크하비오,196833.33333333334,93927.85714285714,102905.4761904762,0.5228,11710,서울송파구
풍림1,129500.0,40950.0,88550.0,0.6838,11710,서울송파구
한강극동,154100.0,60710.0,93390.0,0.606,11710,서울송파구
한보1,146000.0,16500.0,129500.0,0.887,11710,서울송파구
한신1,162600.0,72500.0,90100.0,0.5541,11710,서울송파구
한신잠실코아,144166.66666666666,48500.0,95666.66666666666,0.6636,11710,서울송파구
한양아파트,219125.0,59062.5,160062.5,0.7305,11710,서울송파구
한영해시안아파트,108400.0,49650.0,58750.0,0.542,11710,서울송파구
헬리오시티,281336.7346938776,113156.34117647058,168180.393517407,0.5978,11710,서울송파구
현대,134681.81818181818,73130.0,61551.81818181818,0.457,11710,서울송파구
현대(60동),148850.0,50000.0,98850.0,0.6641,11710,서울송파구
현대(62-5),103625.0,49350.0,54275.0,0.5238,11710,서울송파구
현대1,159125.0,62650.0,96475.0,0.6063,11710,서울송파구
현대1차,133250.0,47300.0,85950.0,0.645,11710,서울송파구
현대2,101000.0,63000.0,38000.0,0.3762,11710,서울송파구
현대2차,133333.33333333334,39000.0,94333.33333333334,0.7075,11710,서울송파구
현대3차,128000.0,53500.0,74500.0,0.582,11710,서울송파구
현대리버빌1지구,116653.84615384616,60378.57142857143,56275.27472527473,0.4824,11710,서울송파구
현대리버빌2지구,115500.0,50700.0,64800.0,0.561,11710,서울송파구
호수임광,142750.0,61200.0,81550.0,0.5713,11710,서울송파구
힐스테이트e편한세상문정,176730.76923076922,63769.0,112961.76923076922,0.6392,11710,서울송파구
힐스테이트송파위례,219083.33333333334,88500.0,130583.33333333334,0.596,11710,서울송파구
DMC마포청구아파트,115630.0,61391.666666666664,54238.333333333336,0.4691,11440,서울마포구
DMC상암센트럴파크1단지,139833.33333333334,72333.33333333333,67500.00000000001,0.4827,11440,서울마포구
DMC상암센트럴파크2단지,85300.0,36533.333333333336,48766.666666666664,0.5717,11440,서울마포구
강변타운,87500.0,40000.0,47500.0,0.5429,11440,서울마포구
강변한신코아,138000.0,41750.0,96250.0,0.6975,11440,서울마포구
강변힐스테이트,169950.0,74000.0,95950.0,0.5646,11440,서울마포구
공덕1삼성래미안,194333.33333333334,68036.25,126297.08333333334,0.6499,11440,서울마포구
공덕2삼성래미안,185666.66666666666,78557.14285714286,107109.5238095238,0.5769,11440,서울마포구
공덕3삼성래미안,207500.0,79000.0,128500.0,0.6193,11440,서울마포구
공덕SK리더스뷰,243750.0,118936.36363636363,124813.63636363637,0.5121,11440,서울마포구
공덕아이파크,200000.0,93040.0,106960.0,0.5348,11440,서울마포구
공덕자이,233666.66666666666,92958.33333333333,140708.3333333333,0.6022,11440,서울마포구
대림2,119666.66666666667,70333.33333333333,49333.33333333334,0.4123,11440,서울마포구
대명,89500.0,50000.0,39500.0,0.4413,11440,서울마포구
대상3,77625.0,42000.0,35625.0,0.4589,11440,서울마포구
대우미래사랑,50408.333333333336,27000.0,23408.333333333336,0.4644,11440,서울마포구
대우월드마크마포,260000.0,136000.0,124000.0,0.4769,11440,서울마포구
대원,69000.0,42000.0,27000.0,0.3913,11440,서울마포구
대원칸타빌,166000.0,83750.0,82250.0,0.4955,11440,서울마포구
대흥동태영아파트,195214.2857142857,73142.85714285714,122071.42857142857,0.6253,11440,서울마포구
더클래시,192850.0,83331.81818181818,109518.18181818182,0.5679,11440,서울마포구
도화동현대,155000.0,60069.444444444445,94930.55555555556,0.6125,11440,서울마포구
래미안공덕4차,199125.0,73703.63636363637,125421.36363636363,0.6299,11440,서울마포구
래미안공덕5차,201000.0,85000.0,116000.0,0.5771,11440,서울마포구
래미안마포리버웰,277500.0,117000.0,160500.0,0.5784,11440,서울마포구
래미안밤섬리베뉴Ⅱ,211166.66666666666,93930.0,117236.66666666666,0.5552,11440,서울마포구
래미안웰스트림,240500.0,91754.3125,148745.6875,0.6185,11440,서울마포구
마포그랑자이,220750.0,92166.66666666667,128583.33333333333,0.5825,11440,서울마포구
마포대림1,233000.0,120000.0,113000.0,0.485,11440,서울마포구
마포동원베네스트,145000.0,64875.0,80125.0,0.5526,11440,서울마포구
마포래미안푸르지오1단지,212500.0,97480.0,115020.0,0.5413,11440,서울마포구
마포래미안푸르지오2단지,241800.0,110625.0,131175.0,0.5425,11440,서울마포구
마포래미안푸르지오3단지,227000.0,101309.09090909091,125690.90909090909,0.5537,11440,서울마포구
마포래미안푸르지오4단지,243000.0,97370.0,145630.0,0.5993,11440,서울마포구
마포센트럴 아이파크,215500.0,95000.0,120500.0,0.5592,11440,서울마포구
마포쌍용황금아파트,163666.66666666666,61012.5,102654.16666666666,0.6272,11440,서울마포구
마포용강삼성래미안,200000.0,65625.0,134375.0,0.6719,11440,서울마포구
마포웨스트리버태영데시앙,184000.0,84975.0,99025.0,0.5382,11440,서울마포구
마포자이,269250.0,105000.0,164250.0,0.61,11440,서울마포구
마포자이2차,260000.0,92089.25,167910.75,0.6458,11440,서울마포구
마포중동현대,111166.66666666667,55487.5,55679.16666666667,0.5009,11440,서울마포구
마포푸르지오더센트럴,82757.14285714286,67333.33333333333,15423.809523809527,0.1864,11440,서울마포구
마포프레스티지자이,233750.0,96550.0,137200.0,0.587,11440,서울마포구
마포한강2차푸르지오,209000.0,120000.0,89000.0,0.4258,11440,서울마포구
마포한강아이파크,180000.0,94093.75,85906.25,0.4773,11440,서울마포구
마포한강제이스카이,38900.0,37208.5,1691.5,0.0435,11440,서울마포구
마포한강푸르지오,266000.0,152500.0,113500.0,0.4267,11440,서울마포구
마포현대,159466.66666666666,51487.5,107979.16666666666,0.6771,11440,서울마포구
만민하늘애,78000.0,52250.0,25750.0,0.3301,11440,서울마포구
메세나폴리스,255285.7142857143,222937.5,32348.21428571429,0.1267,11440,서울마포구
반도유보라아일랜드,305000.0,135000.0,170000.0,0.5574,11440,서울마포구
밤섬경남아너스빌,180666.66666666666,76900.0,103766.66666666666,0.5744,11440,서울마포구
밤섬힐스테이트,176000.0,56280.0,119720.0,0.6802,11440,서울마포구
벽산솔렌스힐,144000.0,75000.0,69000.0,0.4792,11440,서울마포구
보성,127500.0,48833.333333333336,78666.66666666666,0.617,11440,서울마포구
삼성,191916.66666666666,74300.0,117616.66666666666,0.6129,11440,서울마포구
삼환나띠르빌,118000.0,73500.0,44500.0,0.3771,11440,서울마포구
상록,120400.0,51170.454545454544,69229.54545454546,0.575,11440,서울마포구
상수두산위브,161000.0,87000.0,74000.0,0.4596,11440,서울마포구
상암월드컵파크10단지,110100.0,46279.25,63820.75,0.5797,11440,서울마포구
상암월드컵파크12단지,108950.0,56893.333333333336,52056.666666666664,0.4778,11440,서울마포구
상암월드컵파크2단지,128500.0,57010.71428571428,71489.28571428571,0.5563,11440,서울마포구
상암월드컵파크3단지,133200.0,62747.77777777778,70452.22222222222,0.5289,11440,서울마포구
상암월드컵파크4단지,165600.0,70707.14285714286,94892.85714285714,0.573,11440,서울마포구
상암월드컵파크5단지,138025.0,71459.09090909091,66565.90909090909,0.4823,11440,서울마포구
상암월드컵파크6단지,150066.66666666666,83500.0,66566.66666666666,0.4436,11440,서울마포구
상암월드컵파크7단지,136000.0,69921.125,66078.875,0.4859,11440,서울마포구
상암월드컵파크9단지,109820.0,50302.58823529412,59517.41176470588,0.542,11440,서울마포구
서강GS,168450.0,60485.25,107964.75,0.6409,11440,서울마포구
서강예가,177666.66666666666,81500.0,96166.66666666666,0.5413,11440,서울마포구
서강오벨리스크스위트,148333.33333333334,70000.0,78333.33333333334,0.5281,11440,서울마포구
서교푸르지오,116250.0,74000.0,42250.0,0.3634,11440,서울마포구
서서울삼성,90000.0,45500.0,44500.0,0.4944,11440,서울마포구
성사1차풍림아파트101동,67000.0,44100.0,22900.0,0.3418,11440,서울마포구
성산2차e-편한세상,116000.0,60333.333333333336,55666.666666666664,0.4799,11440,서울마포구
성산시영(대우),139600.0,30530.159090909092,109069.84090909091,0.7813,11440,서울마포구
성산시영(유원),165833.33333333334,38021.8125,127811.52083333334,0.7707,11440,서울마포구
성산월드타운대림,113255.55555555556,66228.57142857143,47026.98412698413,0.4152,11440,서울마포구
성원1,83000.0,46850.0,36150.0,0.4355,11440,서울마포구
성원2,68000.0,50000.0,18000.0,0.2647,11440,서울마포구
성지,81500.0,50000.0,31500.0,0.3865,11440,서울마포구
세양청마루,122000.0,68500.0,53500.0,0.4385,11440,서울마포구
세원,56500.0,40000.0,16500.0,0.292,11440,서울마포구
센트레,66800.0,46000.0,20800.0,0.3114,11440,서울마포구
솔루체2차아파트,63000.0,43500.0,19500.0,0.3095,11440,서울마포구
솔리스타,15900.0,15200.0,700.0,0.044,11440,서울마포구
신공덕1차삼성래미안1아파트,198000.0,82840.0,115160.0,0.5816,11440,서울마포구
신공덕래미안2차,158100.0,62442.857142857145,95657.14285714286,0.605,11440,서울마포구
신공덕래미안3차,165000.0,71100.0,93900.0,0.5691,11440,서울마포구
신수동성원,127000.0,40000.0,87000.0,0.685,11440,서울마포구
신촌금호,133000.0,59000.0,74000.0,0.5564,11440,서울마포구
신촌삼익,143000.0,61774.5,81225.5,0.568,11440,서울마포구
신촌숲아이파크,228666.66666666666,99060.83333333333,129605.83333333333,0.5668,11440,서울마포구
신촌태영데시앙,154200.0,68833.33333333333,85366.66666666667,0.5536,11440,서울마포구
신촌포스빌,27000.0,24000.0,3000.0,0.1111,11440,서울마포구
애오개아이파크,43250.0,34000.0,9250.0,0.2139,11440,서울마포구
염리동세양청마루아파트101동,122000.0,75000.0,47000.0,0.3852,11440,서울마포구
염리삼성래미안,162250.0,64000.0,98250.0,0.6055,11440,서울마포구
우성,176090.9090909091,59580.04347826087,116510.86561264822,0.6617,11440,서울마포구
월드컵아이파크(667),118666.66666666667,67333.33333333333,51333.33333333334,0.4326,11440,서울마포구
이편한세상마포리버파크,240000.0,112857.14285714286,127142.85714285714,0.5298,11440,서울마포구
중앙하이츠,145833.33333333334,63000.0,82833.33333333334,0.568,11440,서울마포구
중앙하이츠104동,50200.0,34000.0,16200.0,0.3227,11440,서울마포구
창전동현대홈타운,107866.66666666667,78250.0,29616.66666666667,0.2746,11440,서울마포구
창전래미안,148928.57142857142,68583.33333333333,80345.23809523809,0.5395,11440,서울마포구
코오롱,135500.0,69850.0,65650.0,0.4845,11440,서울마포구
탑건진선미,100000.0,62000.0,38000.0,0.38,11440,서울마포구
펜트라우스,209000.0,115574.0,93426.0,0.447,11440,서울마포구
한강그린1차아파트,57750.0,40700.0,17050.0,0.2952,11440,서울마포구
한강밤섬자이,276875.0,156583.33333333334,120291.66666666666,0.4345,11440,서울마포구
한강삼성,175000.0,64732.692307692305,110267.30769230769,0.6301,11440,서울마포구
한화꿈에그린,184250.0,80000.0,104250.0,0.5658,11440,서울마포구
한화오벨리스크,84581.25,55333.333333333336,29247.916666666664,0.3458,11440,서울마포구
함성월드빌2차,93000.0,59500.0,33500.0,0.3602,11440,서울마포구
현대,109916.66666666667,62592.857142857145,47323.80952380953,0.4305,11440,서울마포구
현대홈타운,156875.0,65820.0,91055.0,0.5804,11440,서울마포구
휴먼빌,100000.0,62900.0,37100.0,0.371,11440,서울마포구
G&P용산파크,43500.0,32000.0,11500.0,0.2644,11170,서울용산구
GS자이,292000.0,77500.0,214500.0,0.7346,11170,서울용산구
LG한강자이,272000.0,191583.33333333334,80416.66666666666,0.2956,11170,서울용산구
강변,135000.0,22120.0,112880.0,0.8361,11170,서울용산구
강변삼성스위트,210000.0,65166.666666666664,144833.33333333334,0.6897,11170,서울용산구
강촌,264312.5,87876.92307692308,176435.57692307694,0.6675,11170,서울용산구
금호베스트빌1,212000.0,90837.5,121162.5,0.5715,11170,서울용산구
나인원한남,2500000.0,680000.0,1820000.0,0.728,11170,서울용산구
남산대림,199333.33333333334,53575.0,145758.33333333334,0.7312,11170,서울용산구
대림,244000.0,60246.42857142857,183753.57142857142,0.7531,11170,서울용산구
도원,38800.0,14700.0,24100.0,0.6211,11170,서울용산구
동아그린,163333.33333333334,54081.666666666664,109251.66666666669,0.6689,11170,서울용산구
동원베네스트,147000.0,58875.0,88125.0,0.5995,11170,서울용산구
래미안첼리투스,503244.0,231250.0,271994.0,0.5405,11170,서울용산구
리버빌(삼성),220000.0,75083.33333333333,144916.6666666667,0.6587,11170,서울용산구
리버힐삼성,162833.33333333334,59628.42105263158,103204.91228070177,0.6338,11170,서울용산구
리첸시아용산A,180000.0,120000.0,60000.0,0.3333,11170,서울용산구
리첸시아용산B,191000.0,77000.0,114000.0,0.5969,11170,서울용산구
미주B,181500.0,89250.0,92250.0,0.5083,11170,서울용산구
벽산메가트리움,192666.66666666666,84333.33333333333,108333.33333333333,0.5623,11170,서울용산구
보람더하임,195000.0,79008.0,115992.0,0.5948,11170,서울용산구
북한강(성원),223000.0,53122.22222222222,169877.77777777778,0.7618,11170,서울용산구
브라운스톤,199000.0,78095.0,120905.0,0.6076,11170,서울용산구
브라운스톤남산,205000.0,94500.0,110500.0,0.539,11170,서울용산구
산호,234071.42857142858,31000.0,203071.42857142858,0.8676,11170,서울용산구
삼성래미안,180130.76923076922,65400.0,114730.76923076922,0.6369,11170,서울용산구
세양청마루,120000.0,80500.0,39500.0,0.3292,11170,서울용산구
센트럴파크,374475.0,194216.66666666666,180258.33333333334,0.4814,11170,서울용산구
센트레빌아스테리움서울,202416.66666666666,115000.0,87416.66666666666,0.4319,11170,서울용산구
스카이빌2,92500.0,80000.0,12500.0,0.1351,11170,서울용산구
시온캐슬용산,43000.0,35250.0,7750.0,0.1802,11170,서울용산구
시티하우스,24250.0,19500.0,4750.0,0.1959,11170,서울용산구
신동아,428750.0,100607.14285714286,328142.85714285716,0.7653,11170,서울용산구
신동아1,436750.0,54800.0,381950.0,0.8745,11170,서울용산구
아크로타워,180000.0,89950.0,90050.0,0.5003,11170,서울용산구
용산KCC웰츠타워,164416.66666666666,83940.0,80476.66666666666,0.4895,11170,서울용산구
용산e편한세상,230000.0,89250.61538461539,140749.38461538462,0.612,11170,서울용산구
용산더프라임,240333.33333333334,105470.0,134863.33333333334,0.5612,11170,서울용산구
용산데시앙포레,177250.0,79276.92307692308,97973.07692307692,0.5527,11170,서울용산구
용산동아파트,61000.0,21000.0,40000.0,0.6557,11170,서울용산구
용산롯데캐슬센터포레,225625.0,89334.33333333333,136290.6666666667,0.6041,11170,서울용산구
용산시티파크(1단지),352600.0,172500.0,180100.0,0.5108,11170,서울용산구
용산파크e-편한세상,187000.0,85125.0,101875.0,0.5448,11170,서울용산구
용산파크뷰(46-3),42000.0,25697.5,16302.5,0.3882,11170,서울용산구
용산파크타워(24-0),368020.0,151750.0,216270.0,0.5877,11170,서울용산구
용산파크타워(24-1),410000.0,152500.0,257500.0,0.628,11170,서울용산구
용산푸르지오써밋(420),320000.0,182500.0,137500.0,0.4297,11170,서울용산구
이안용산1차(101동),142000.0,71500.0,70500.0,0.4965,11170,서울용산구
이안용산1차(102동),135000.0,67966.66666666667,67033.33333333333,0.4965,11170,서울용산구
이안용산1차(103동),136966.66666666666,70175.0,66791.66666666666,0.4876,11170,서울용산구
이안용산프리미어,178000.0,84857.14285714286,93142.85714285714,0.5233,11170,서울용산구
이촌코오롱(A),240000.0,92888.88888888889,147111.11111111112,0.613,11170,서울용산구
장미,310000.0,140000.0,170000.0,0.5484,11170,서울용산구
점보,248000.0,109500.0,138500.0,0.5585,11170,서울용산구
제일,127000.0,94500.0,32500.0,0.2559,11170,서울용산구
청화1,312833.3333333333,89512.5,223320.8333333333,0.7139,11170,서울용산구
태성1,88000.0,37800.0,50200.0,0.5705,11170,서울용산구
풍전,130000.0,33000.0,97000.0,0.7462,11170,서울용산구
한가람,274250.0,85304.6875,188945.3125,0.689,11170,서울용산구
한강(대우),286250.0,94604.54545454546,191645.45454545453,0.6695,11170,서울용산구
한강로대우아이빌,38000.0,27650.0,10350.0,0.2724,11170,서울용산구
한강맨숀,418965.0,52430.0,366535.0,0.8749,11170,서울용산구
한강수,158000.0,74500.0,83500.0,0.5285,11170,서울용산구
한강타운,71000.0,44666.666666666664,26333.333333333336,0.3709,11170,서울용산구
한남더힐,766250.0,410750.0,355500.0,0.4639,11170,서울용산구
한남동동원베네스트,169500.0,59000.0,110500.0,0.6519,11170,서울용산구
한남동리첸시아,98725.0,73500.0,25225.0,0.2555,11170,서울용산구
한남아이파크애비뉴,105900.0,67233.33333333333,38666.66666666667,0.3651,11170,서울용산구
한성1,60933.333333333336,17500.0,43433.333333333336,0.7128,11170,서울용산구
현대안성타워,149500.0,64000.0,85500.0,0.5719,11170,서울용산구
현대한강,240000.0,65931.25,174068.75,0.7253,11170,서울용산구
효창베네스,140000.0,65000.0,75000.0,0.5357,11170,서울용산구
효창파크푸르지오,188875.0,92262.5,96612.5,0.5115,11170,서울용산구
효창한신,153000.0,39000.0,114000.0,0.7451,11170,서울용산구
후암미주,103000.0,28125.0,74875.0,0.7269,11170,서울용산구
THESHARP판교퍼스트파크,159384.2105263158,104608.82352941176,54775.386996904024,0.3437,41135,경기분당구
까치마을(1단지)(대우롯데선경),175800.0,59328.57142857143,116471.42857142858,0.6625,41135,경기분당구
까치마을(2단지)(주공),136000.0,43494.1,92505.9,0.6802,41135,경기분당구
까치마을(3단지)(신원),204000.0,79540.90909090909,124459.09090909091,0.6101,41135,경기분당구
까치마을(4단지)(롯데),153857.14285714287,62111.11111111111,91746.03174603176,0.5963,41135,경기분당구
까치마을(4단지)(선경),145950.0,62735.0,83215.0,0.5702,41135,경기분당구
더샵분당파크리버,165500.0,98307.14285714286,67192.85714285714,0.406,41135,경기분당구
동양정자파라곤(1단지),213500.0,151500.0,62000.0,0.2904,41135,경기분당구
두산위브트레지움,181750.0,76680.0,105070.0,0.5781,41135,경기분당구
두산제니스,215000.0,136333.33333333334,78666.66666666666,0.3659,41135,경기분당구
로얄팰리스,215250.0,145000.0,70250.0,0.3264,41135,경기분당구
매화마을(주공3),76837.5,29295.5,47542.0,0.6187,41135,경기분당구
매화마을(주공4),71600.0,27694.928571428572,43905.07142857143,0.6132,41135,경기분당구
매화마을공무원1,102458.33333333333,35380.833333333336,67077.5,0.6547,41135,경기분당구
매화마을공무원2,104696.42857142857,32716.363636363636,71980.06493506493,0.6875,41135,경기분당구
목련마을(영남),83855.55555555556,34410.0,49445.55555555556,0.5897,41135,경기분당구
목련마을(한신),86000.0,45150.0,40850.0,0.475,41135,경기분당구
목련마을(한일),101000.0,41666.666666666664,59333.333333333336,0.5875,41135,경기분당구
무지개(10단지)(건영),165000.0,85000.0,80000.0,0.4848,41135,경기분당구
무지개(10단지)(삼성),143800.0,73166.66666666667,70633.33333333333,0.4912,41135,경기분당구
무지개(12단지)(주공),101234.375,34156.117647058825,67078.25735294117,0.6626,41135,경기분당구
무지개(1단지)(대림),144700.0,48706.25,95993.75,0.6634,41135,경기분당구
무지개(2단지)(엘지),129100.0,57100.0,72000.0,0.5577,41135,경기분당구
무지개(3단지)(건영),118823.07692307692,52098.857142857145,66724.21978021978,0.5615,41135,경기분당구
무지개(3단지)(신한),129925.0,47966.25,81958.75,0.6308,41135,경기분당구
무지개(5단지)(청구),134333.33333333334,51045.4,83287.93333333335,0.62,41135,경기분당구
무지개(6단지)(건영),142400.0,59500.0,82900.0,0.5822,41135,경기분당구
무지개(7단지)(라이프),133000.0,48000.0,85000.0,0.6391,41135,경기분당구
미켈란쉐르빌,96666.66666666667,94983.33333333333,1683.333333333343,0.0174,41135,경기분당구
백현마을2단지,265500.0,113000.0,152500.0,0.5744,41135,경기분당구
백현마을5단지(주공),252600.0,94225.0,158375.0,0.627,41135,경기분당구
백현마을6단지(주공),257000.0,92970.0,164030.0,0.6382,41135,경기분당구
백현마을7단지(주공),243200.0,96200.0,147000.0,0.6044,41135,경기분당구
백현마을8단지(대림),274333.3333333333,91666.66666666667,182666.66666666663,0.6659,41135,경기분당구
백현마을9단지(e편한세상),259000.0,99000.0,160000.0,0.6178,41135,경기분당구
봇들마을1단지(판교신미주),196350.0,80080.95238095238,116269.04761904762,0.5922,41135,경기분당구
봇들마을2단지(이지더원),189500.0,80000.0,109500.0,0.5778,41135,경기분당구
봇들마을3단지(주공),191000.0,76000.0,115000.0,0.6021,41135,경기분당구
봇들마을4단지(주공),197500.0,76592.30769230769,120907.69230769231,0.6122,41135,경기분당구
봇들마을7단지,283550.0,120000.0,163550.0,0.5768,41135,경기분당구
봇들마을9단지(금호어울림),292200.0,108000.0,184200.0,0.6304,41135,경기분당구
분당더샾스타파크,174000.0,120416.66666666667,53583.33333333333,0.308,41135,경기분당구
산운마을10단지(대광로제비앙),194166.66666666666,73033.33333333333,121133.33333333333,0.6239,41135,경기분당구
산운마을11단지(판교포레라움),145500.0,62712.5,82787.5,0.569,41135,경기분당구
산운마을12단지판교센트럴포레와이시티,149360.0,57333.333333333336,92026.66666666666,0.6161,41135,경기분당구
산운마을13단지(태영),179416.66666666666,74935.29411764706,104481.3725490196,0.5823,41135,경기분당구
산운마을14단지(경남아너스빌),190666.66666666666,83857.14285714286,106809.5238095238,0.5602,41135,경기분당구
산운마을4단지(리가),160375.0,67750.0,92625.0,0.5776,41135,경기분당구
산운마을5단지(한성필하우스),185500.0,74200.0,111300.0,0.6,41135,경기분당구
산운마을6단지(신동아파밀리에),216500.0,88000.0,128500.0,0.5935,41135,경기분당구
산운마을8단지(부영사랑으로),153850.0,63580.0,90270.0,0.5867,41135,경기분당구
산운마을9단지(대방노블랜드),185733.33333333334,64150.0,121583.33333333334,0.6546,41135,경기분당구
삼성아데나루체,178000.0,117000.0,61000.0,0.3427,41135,경기분당구
상록마을(라이프1차),202500.0,98916.66666666667,103583.33333333333,0.5115,41135,경기분당구
상록마을(라이프2차),169600.0,68455.0,101145.0,0.5964,41135,경기분당구
상록마을(보성),157000.0,55060.833333333336,101939.16666666666,0.6493,41135,경기분당구
상록마을(우성)1,219937.5,76650.0,143287.5,0.6515,41135,경기분당구
상록마을(임광),169214.2857142857,58645.0,110569.28571428571,0.6534,41135,경기분당구
샛별마을(동성),161375.0,51923.07692307692,109451.92307692308,0.6782,41135,경기분당구
샛별마을(라이프),154725.0,52461.11111111111,102263.88888888889,0.6609,41135,경기분당구
샛별마을(삼부),155800.0,60160.0,95640.0,0.6139,41135,경기분당구
샛별마을(우방),175055.55555555556,45000.0,130055.55555555556,0.7429,41135,경기분당구
시범삼성,254800.0,48450.0,206350.0,0.8099,41135,경기분당구
시범우성,185165.0,69407.87878787878,115757.12121212122,0.6252,41135,경기분당구
시범한신,220284.61538461538,77581.25,142703.36538461538,0.6478,41135,경기분당구
시범한양,166012.5,46696.375,119316.125,0.7187,41135,경기분당구
시범현대,218635.29411764705,75308.82352941176,143326.4705882353,0.6556,41135,경기분당구
아데나팰리스,205000.0,131000.0,74000.0,0.361,41135,경기분당구
아름마을(건영),189333.33333333334,72878.57142857143,116454.76190476191,0.6151,41135,경기분당구
아름마을(두산),178000.0,77240.0,100760.0,0.5661,41135,경기분당구
아름마을(삼호),184626.25,76583.33333333333,108042.91666666667,0.5852,41135,경기분당구
아름마을(선경),187716.66666666666,56216.666666666664,131500.0,0.7005,41135,경기분당구
아름마을(태영),181000.0,79100.0,101900.0,0.563,41135,경기분당구
아름마을(풍림),203125.0,77625.0,125500.0,0.6178,41135,경기분당구
아름마을(한성),155500.0,47850.0,107650.0,0.6923,41135,경기분당구
아름마을(효성),246000.0,89333.33333333333,156666.6666666667,0.6369,41135,경기분당구
양지마을(2단지)(청구),251642.85714285713,89200.0,162442.85714285713,0.6455,41135,경기분당구
양지마을(3단지)(금호),250583.33333333334,96000.0,154583.33333333334,0.6169,41135,경기분당구
양지마을(5단지)(한양501-514),125443.90243902439,34325.92857142857,91117.9738675958,0.7264,41135,경기분당구
양지마을(5단지)(한양515-529),250111.11111111112,92214.75,157896.36111111112,0.6313,41135,경기분당구
"양지마을(6단지)(금호,청구)",156700.0,51400.0,105300.0,0.672,41135,경기분당구
양지마을(6단지)(한양603동),147375.0,49405.0,97970.0,0.6648,41135,경기분당구
양지마을(금호1),252100.0,103133.33333333333,148966.6666666667,0.5909,41135,경기분당구
이매촌(금강),182800.0,61561.11111111111,121238.88888888889,0.6632,41135,경기분당구
이매촌(동신3),195350.0,80750.0,114600.0,0.5866,41135,경기분당구
이매촌(동신9),203500.0,83283.33333333333,120216.66666666667,0.5907,41135,경기분당구
이매촌(삼성),172385.7142857143,72245.0,100140.71428571429,0.5809,41135,경기분당구
이매촌(삼환),179000.0,72666.66666666667,106333.33333333333,0.594,41135,경기분당구
이매촌(성지),189900.0,69904.54545454546,119995.45454545454,0.6319,41135,경기분당구
이매촌(진흥),169500.0,63790.90909090909,105709.09090909091,0.6237,41135,경기분당구
이매촌(청구),181357.14285714287,70456.25,110900.89285714287,0.6115,41135,경기분당구
이매촌(한신),154826.66666666666,58483.333333333336,96343.33333333331,0.6223,41135,경기분당구
장미마을(동부),148583.33333333334,66365.0,82218.33333333334,0.5533,41135,경기분당구
장미마을(코오롱)1,146140.0,57855.71428571428,88284.28571428571,0.6041,41135,경기분당구
장미마을(현대),123575.0,52013.333333333336,71561.66666666666,0.5791,41135,경기분당구
장안타운(건영),129250.0,56416.666666666664,72833.33333333334,0.5635,41135,경기분당구
정든마을(1단지)(동아),178500.0,91500.0,87000.0,0.4874,41135,경기분당구
정든마을(2단지)(동아),116275.0,49593.333333333336,66681.66666666666,0.5735,41135,경기분당구
정든마을(5단지)(신화),162750.0,79083.33333333333,83666.66666666667,0.5141,41135,경기분당구
정든마을(6단지)(우성),121750.0,47638.07692307692,74111.92307692308,0.6087,41135,경기분당구
정든마을(6단지)(한진),200500.0,70000.0,130500.0,0.6509,41135,경기분당구
정든마을(7단지)(한진),147000.0,65633.33333333333,81366.66666666667,0.5535,41135,경기분당구
정든마을(8단지)(한진),189500.0,71700.0,117800.0,0.6216,41135,경기분당구
청솔마을(계룡),140700.0,51630.416666666664,89069.58333333334,0.633,41135,경기분당구
청솔마을(공무원),135000.0,46341.25,88658.75,0.6567,41135,경기분당구
청솔마을(대원),172750.0,73583.33333333333,99166.66666666667,0.574,41135,경기분당구
청솔마을(서광),147666.66666666666,65857.14285714286,81809.5238095238,0.554,41135,경기분당구
청솔마을(성원),203000.0,78216.66666666667,124783.33333333333,0.6147,41135,경기분당구
청솔마을(영남),160750.0,57191.666666666664,103558.33333333334,0.6442,41135,경기분당구
청솔마을(유천),155428.57142857142,55760.0,99668.57142857142,0.6412,41135,경기분당구
청솔마을(주공9단지),105439.28571428571,33811.166666666664,71628.11904761905,0.6793,41135,경기분당구
청솔마을(한라),167227.27272727274,58277.27272727273,108950.0,0.6515,41135,경기분당구
코오롱더프라우,152000.0,90000.0,62000.0,0.4079,41135,경기분당구
탑마을(경남)1,144375.0,68916.66666666667,75458.33333333333,0.5227,41135,경기분당구
탑마을(기산)1,175566.66666666666,85000.0,90566.66666666666,0.5159,41135,경기분당구
탑마을(대우),167800.0,80714.28571428571,87085.71428571429,0.519,41135,경기분당구
탑마을(벽산),167900.0,64515.71428571428,103384.28571428571,0.6157,41135,경기분당구
탑마을(선경)1,146785.7142857143,65625.0,81160.71428571429,0.5529,41135,경기분당구
탑마을(쌍용)1,165300.0,79500.0,85800.0,0.5191,41135,경기분당구
탑마을(주공),74891.66666666667,31940.0,42951.66666666667,0.5735,41135,경기분당구
탑마을(진덕),174000.0,73290.0,100710.0,0.5788,41135,경기분당구
파크뷰,289194.44444444444,140439.2857142857,148755.15873015873,0.5144,41135,경기분당구
파크타운(대림),221750.0,87016.66666666667,134733.3333333333,0.6076,41135,경기분당구
파크타운(롯데),234600.0,91260.0,143340.0,0.611,41135,경기분당구
파크타운(삼익),245000.0,107266.66666666667,137733.3333333333,0.5622,41135,경기분당구
파크타운(서안),191430.0,85000.0,106430.0,0.556,41135,경기분당구
판교더샵포레스트11단지,130250.0,69300.0,60950.0,0.4679,41135,경기분당구
판교더샵포레스트12단지,130500.0,70791.66666666667,59708.33333333333,0.4575,41135,경기분당구
판교알파리움1단지,355700.0,154363.63636363635,201336.36363636365,0.566,41135,경기분당구
판교알파리움2단지,296800.0,145308.33333333334,151491.66666666666,0.5104,41135,경기분당구
판교원마을11단지(힐스테이트),177200.0,88888.88888888889,88311.11111111111,0.4984,41135,경기분당구
판교원마을12단지(힐스테이트),172812.5,91500.0,81312.5,0.4705,41135,경기분당구
판교원마을2단지(푸르지오),215000.0,98000.0,117000.0,0.5442,41135,경기분당구
판교원마을3단지(푸르지오),186333.33333333334,87333.33333333333,99000.00000000001,0.5313,41135,경기분당구
판교원마을5단지(푸르지오),186100.0,102750.0,83350.0,0.4479,41135,경기분당구
판교원마을6단지(판교대광로제비앙),151150.0,65375.0,85775.0,0.5675,41135,경기분당구
판교원마을7단지(모아미래도),150857.14285714287,69027.5,81829.64285714287,0.5424,41135,경기분당구
판교원마을9단지(한림풀에버),175671.42857142858,78479.16666666667,97192.26190476191,0.5533,41135,경기분당구
판교퍼스트힐푸르지오1단지,127100.0,72218.75,54881.25,0.4318,41135,경기분당구
판교퍼스트힐푸르지오A2,126833.33333333333,76571.42857142857,50261.90476190476,0.3963,41135,경기분당구
판교푸르지오그랑블,418000.0,146063.63636363635,271936.36363636365,0.6506,41135,경기분당구
판교풍경채어바니티(5단지),148666.66666666666,71437.5,77229.16666666666,0.5195,41135,경기분당구
판교풍경채어바니티(7단지),132380.0,72535.71428571429,59844.28571428571,0.4521,41135,경기분당구
푸른마을(벽산),208625.0,81142.85714285714,127482.14285714286,0.6111,41135,경기분당구
푸른마을(신성),202166.66666666666,82031.25,120135.41666666666,0.5942,41135,경기분당구
푸른마을(쌍용),170422.22222222222,74440.0,95982.22222222222,0.5632,41135,경기분당구
하얀마을(5단지)(주공),89291.66666666667,30209.090909090908,59082.57575757576,0.6617,41135,경기분당구
한솔마을(1단지)(청구),147666.66666666666,50820.0,96846.66666666666,0.6558,41135,경기분당구
한솔마을(2단지)(LG),182625.0,86750.0,95875.0,0.525,41135,경기분당구
한솔마을(3단지)(한일),188400.0,85000.0,103400.0,0.5488,41135,경기분당구
한솔마을(4단지)(주공),106560.0,29572.066666666666,76987.93333333333,0.7225,41135,경기분당구
한솔마을(6단지)(주공),118845.21739130435,38505.23809523809,80339.97929606626,0.676,41135,경기분당구
현대I-PARK1,235000.0,119240.0,115760.0,0.4926,41135,경기분당구
현대I-PARK2,213833.33333333334,143350.0,70483.33333333334,0.3296,41135,경기분당구
현대I-PARK3,202000.0,145000.0,57000.0,0.2822,41135,경기분당구
효자촌(대우),141066.66666666666,59254.166666666664,81812.5,0.58,41135,경기분당구
효자촌(대창),125333.33333333333,52857.142857142855,72476.19047619047,0.5783,41135,경기분당구
효자촌(동아),173000.0,72750.0,100250.0,0.5795,41135,경기분당구
효자촌(럭키),126666.66666666667,58300.0,68366.66666666667,0.5397,41135,경기분당구
효자촌(미래타운),164000.0,75000.0,89000.0,0.5427,41135,경기분당구
효자촌(삼환),178800.0,77428.57142857143,101371.42857142857,0.567,41135,경기분당구
효자촌(임광),187136.36363636365,75410.0,111726.36363636365,0.597,41135,경기분당구
효자촌(현대),189833.33333333334,83283.33333333333,106550.00000000001,0.5613,41135,경기분당구
효자촌(화성),131625.0,55233.333333333336,76391.66666666666,0.5804,41135,경기분당구
힐스테이트판교엘포레A4BL,166500.0,112500.0,54000.0,0.3243,41135,경기분당구
힐스테이트판교엘포레A6BL,161714.2857142857,101900.0,59814.28571428571,0.3699,41135,경기분당구
